apply_no,lhpdat
key1,0.10799378
key2,0.11265276
key3,0.11265276
key4,0.11265276
key5,0.10799378
key6,0.10799378
key7,0.11265276
key8,0.10799378
key9,0.11265276
key10,0.10799378
key11,0.11265276
key12,0.11265276
key13,0.10799378
key14,0.11265276
key15,0.11265276
key16,0.10799378
key17,0.11265276
key18,0.11265276
key19,0.10799378
key20,0.10799378
key21,0.10799378
key22,0.11265276
key23,0.11265276
key24,0.11265276
key25,0.11265276
key26,0.11265276
key27,0.10799378
key28,0.10799378
key29,0.10799378
key30,0.11265276
key31,0.11265276
key32,0.11265276
key33,0.10799378
key34,0.10799378
key35,0.11265276
key36,0.10799378
key37,0.11265276
key38,0.11265276
key39,0.10799378
key40,0.10799378
key41,0.11265276
key42,0.11265276
key43,0.11265276
key44,0.10799378
key45,0.10799378
key46,0.11265276
key47,0.11265276
key48,0.10799378
key49,0.11265276
key50,0.10799378
key51,0.10799378
key52,0.10799378
key53,0.10799378
key54,0.10799378
key55,0.10799378
key56,0.11265276
key57,0.10799378
key58,0.11265276
key59,0.10799378
key60,0.10799378
key61,0.10799378
key62,0.10799378
key63,0.11265276
key64,0.11265276
key65,0.10799378
key66,0.10799378
key67,0.10799378
key68,0.11265276
key69,0.11265276
key70,0.11265276
key71,0.11265276
key72,0.10799378
key73,0.11265276
key74,0.11265276
key75,0.11265276
key76,0.10799378
key77,0.10799378
key78,0.10799378
key79,0.11265276
key80,0.10799378
key81,0.11265276
key82,0.10799378
key83,0.11265276
key84,0.10799378
key85,0.11265276
key86,0.10799378
key87,0.10799378
key88,0.11265276
key89,0.10799378
key90,0.10799378
key91,0.11265276
key92,0.11265276
key93,0.10799378
key94,0.10799378
key95,0.11265276
key96,0.10799378
key97,0.11265276
key98,0.11265276
key99,0.11265276
key100,0.11265276
key101,0.10799378
key102,0.10799378
key103,0.10799378
key104,0.10799378
key105,0.10799378
key106,0.11265276
key107,0.10799378
key108,0.11265276
key109,0.11265276
key110,0.10799378
key111,0.10799378
key112,0.10799378
key113,0.10799378
key114,0.11265276
key115,0.11265276
key116,0.10799378
key117,0.11265276
key118,0.11265276
key119,0.11265276
key120,0.10799378
key121,0.10799378
key122,0.10799378
key123,0.11265276
key124,0.11265276
key125,0.10799378
key126,0.11265276
key127,0.10799378
key128,0.11265276
key129,0.10799378
key130,0.10799378
key131,0.11265276
key132,0.10799378
key133,0.10799378
key134,0.10799378
key135,0.11265276
key136,0.11265276
key137,0.10799378
key138,0.10799378
key139,0.10799378
key140,0.11265276
key141,0.11265276
key142,0.11265276
key143,0.10799378
key144,0.11265276
key145,0.10799378
key146,0.10799378
key147,0.11265276
key148,0.10799378
key149,0.11265276
key150,0.10799378
key151,0.10799378
key152,0.11265276
key153,0.10799378
key154,0.11265276
key155,0.10799378
key156,0.10799378
key157,0.11265276
key158,0.11265276
key159,0.10799378
key160,0.11265276
key161,0.11265276
key162,0.10799378
key163,0.11265276
key164,0.10799378
key165,0.10799378
key166,0.11265276
key167,0.11265276
key168,0.11265276
key169,0.10799378
key170,0.11265276
key171,0.11265276
key172,0.11265276
key173,0.10799378
key174,0.10799378
key175,0.11265276
key176,0.11265276
key177,0.10799378
key178,0.10799378
key179,0.10799378
key180,0.10799378
key181,0.10799378
key182,0.10799378
key183,0.11265276
key184,0.10799378
key185,0.11265276
key186,0.11265276
key187,0.11265276
key188,0.11265276
key189,0.11265276
key190,0.11265276
key191,0.11265276
key192,0.11265276
key193,0.11265276
key194,0.11265276
key195,0.11265276
key196,0.11265276
key197,0.11265276
key198,0.11265276
key199,0.10799378
key200,0.11265276
key201,0.10799378
key202,0.10799378
key203,0.11265276
key204,0.11265276
key205,0.10799378
key206,0.11265276
key207,0.11265276
key208,0.11265276
key209,0.10799378
key210,0.10799378
key211,0.11265276
key212,0.11265276
key213,0.11265276
key214,0.10799378
key215,0.11265276
key216,0.10799378
key217,0.11265276
key218,0.10799378
key219,0.11265276
key220,0.11265276
key221,0.10799378
key222,0.11265276
key223,0.10799378
key224,0.11265276
key225,0.11265276
key226,0.11265276
key227,0.11265276
key228,0.11265276
key229,0.11265276
key230,0.11265276
key231,0.11265276
key232,0.11265276
key233,0.10799378
key234,0.10799378
key235,0.11265276
key236,0.10799378
key237,0.10799378
key238,0.10799378
key239,0.10799378
key240,0.10799378
key241,0.10799378
key242,0.10799378
key243,0.10799378
key244,0.11265276
key245,0.10799378
key246,0.11265276
key247,0.10799378
key248,0.11265276
key249,0.10799378
key250,0.11265276
key251,0.11265276
key252,0.10799378
key253,0.11265276
key254,0.10799378
key255,0.11265276
key256,0.11265276
key257,0.10799378
key258,0.11265276
key259,0.10799378
key260,0.11265276
key261,0.11265276
key262,0.10799378
key263,0.10799378
key264,0.11265276
key265,0.10799378
key266,0.11265276
key267,0.10799378
key268,0.11265276
key269,0.11265276
key270,0.10799378
key271,0.11265276
key272,0.10799378
key273,0.10799378
key274,0.11265276
key275,0.10799378
key276,0.11265276
key277,0.11265276
key278,0.10799378
key279,0.11265276
key280,0.11265276
key281,0.10799378
key282,0.10799378
key283,0.11265276
key284,0.10799378
key285,0.11265276
key286,0.11265276
key287,0.11265276
key288,0.10799378
key289,0.10799378
key290,0.10799378
key291,0.11265276
key292,0.10799378
key293,0.11265276
key294,0.10799378
key295,0.10799378
key296,0.11265276
key297,0.10799378
key298,0.10799378
key299,0.11265276
key300,0.11265276
key301,0.10799378
key302,0.11265276
key303,0.10799378
key304,0.10799378
key305,0.10799378
key306,0.10799378
key307,0.11265276
key308,0.10799378
key309,0.10799378
key310,0.11265276
key311,0.10799378
key312,0.11265276
key313,0.11265276
key314,0.10799378
key315,0.10799378
key316,0.11265276
key317,0.10799378
key318,0.11265276
key319,0.10799378
key320,0.11265276
key321,0.11265276
key322,0.10799378
key323,0.10799378
key324,0.10799378
key325,0.11265276
key326,0.10799378
key327,0.11265276
key328,0.11265276
key329,0.11265276
key330,0.10799378
key331,0.10799378
key332,0.11265276
key333,0.10799378
key334,0.11265276
key335,0.11265276
key336,0.10799378
key337,0.11265276
key338,0.10799378
key339,0.10799378
key340,0.10799378
key341,0.10799378
key342,0.10799378
key343,0.11265276
key344,0.11265276
key345,0.11265276
key346,0.11265276
key347,0.10799378
key348,0.11265276
key349,0.11265276
key350,0.11265276
key351,0.11265276
key352,0.11265276
key353,0.10799378
key354,0.11265276
key355,0.10799378
key356,0.11265276
key357,0.11265276
key358,0.11265276
key359,0.10799378
key360,0.10799378
key361,0.10799378
key362,0.11265276
key363,0.11265276
key364,0.10799378
key365,0.10799378
key366,0.10799378
key367,0.11265276
key368,0.11265276
key369,0.10799378
key370,0.10799378
key371,0.11265276
key372,0.10799378
key373,0.10799378
key374,0.11265276
key375,0.11265276
key376,0.11265276
key377,0.11265276
key378,0.11265276
key379,0.10799378
key380,0.11265276
key381,0.10799378
key382,0.10799378
key383,0.11265276
key384,0.10799378
key385,0.10799378
key386,0.11265276
key387,0.10799378
key388,0.10799378
key389,0.11265276
key390,0.10799378
key391,0.10799378
key392,0.10799378
key393,0.10799378
key394,0.11265276
key395,0.11265276
key396,0.11265276
key397,0.10799378
key398,0.11265276
key399,0.11265276
key400,0.11265276
key401,0.11265276
key402,0.10799378
key403,0.11265276
key404,0.10799378
key405,0.11265276
key406,0.10799378
key407,0.11265276
key408,0.11265276
key409,0.10799378
key410,0.11265276
key411,0.10799378
key412,0.10799378
key413,0.11265276
key414,0.10799378
key415,0.11265276
key416,0.11265276
key417,0.10799378
key418,0.10799378
key419,0.11265276
key420,0.11265276
key421,0.10799378
key422,0.10799378
key423,0.11265276
key424,0.10799378
key425,0.10799378
key426,0.10799378
key427,0.11265276
key428,0.11265276
key429,0.11265276
key430,0.11265276
key431,0.11265276
key432,0.11265276
key433,0.11265276
key434,0.10799378
key435,0.10799378
key436,0.10799378
key437,0.10799378
key438,0.11265276
key439,0.11265276
key440,0.11265276
key441,0.11265276
key442,0.10799378
key443,0.10799378
key444,0.11265276
key445,0.10799378
key446,0.10799378
key447,0.10799378
key448,0.11265276
key449,0.11265276
key450,0.10799378
key451,0.10799378
key452,0.10799378
key453,0.11265276
key454,0.10799378
key455,0.10799378
key456,0.11265276
key457,0.11265276
key458,0.11265276
key459,0.10799378
key460,0.11265276
key461,0.10799378
key462,0.11265276
key463,0.11265276
key464,0.10799378
key465,0.11265276
key466,0.11265276
key467,0.11265276
key468,0.11265276
key469,0.11265276
key470,0.10799378
key471,0.11265276
key472,0.11265276
key473,0.10799378
key474,0.11265276
key475,0.10799378
key476,0.11265276
key477,0.10799378
key478,0.11265276
key479,0.10799378
key480,0.10799378
key481,0.11265276
key482,0.10799378
key483,0.10799378
key484,0.10799378
key485,0.10799378
key486,0.11265276
key487,0.11265276
key488,0.10799378
key489,0.10799378
key490,0.11265276
key491,0.10799378
key492,0.10799378
key493,0.11265276
key494,0.11265276
key495,0.11265276
key496,0.10799378
key497,0.11265276
key498,0.11265276
key499,0.11265276
key500,0.10799378
key501,0.11265276
key502,0.10799378
key503,0.11265276
key504,0.10799378
key505,0.11265276
key506,0.11265276
key507,0.10799378
key508,0.11265276
key509,0.11265276
key510,0.10799378
key511,0.11265276
key512,0.10799378
key513,0.10799378
key514,0.11265276
key515,0.11265276
key516,0.11265276
key517,0.10799378
key518,0.11265276
key519,0.11265276
key520,0.10799378
key521,0.10799378
key522,0.11265276
key523,0.11265276
key524,0.11265276
key525,0.11265276
key526,0.10799378
key527,0.11265276
key528,0.10799378
key529,0.11265276
key530,0.10799378
key531,0.11265276
key532,0.11265276
key533,0.10799378
key534,0.10799378
key535,0.11265276
key536,0.11265276
key537,0.11265276
key538,0.10799378
key539,0.10799378
key540,0.10799378
key541,0.11265276
key542,0.10799378
key543,0.11265276
key544,0.11265276
key545,0.11265276
key546,0.11265276
key547,0.11265276
key548,0.11265276
key549,0.10799378
key550,0.10799378
key551,0.10799378
key552,0.11265276
key553,0.11265276
key554,0.10799378
key555,0.11265276
key556,0.11265276
key557,0.11265276
key558,0.11265276
key559,0.10799378
key560,0.11265276
key561,0.11265276
key562,0.10799378
key563,0.11265276
key564,0.11265276
key565,0.11265276
key566,0.10799378
key567,0.10799378
key568,0.11265276
key569,0.10799378
key570,0.11265276
key571,0.11265276
key572,0.10799378
key573,0.11265276
key574,0.10799378
key575,0.10799378
key576,0.10799378
key577,0.11265276
key578,0.11265276
key579,0.10799378
key580,0.11265276
key581,0.10799378
key582,0.10799378
key583,0.10799378
key584,0.10799378
key585,0.10799378
key586,0.11265276
key587,0.11265276
key588,0.10799378
key589,0.10799378
key590,0.11265276
key591,0.10799378
key592,0.10799378
key593,0.11265276
key594,0.10799378
key595,0.11265276
key596,0.11265276
key597,0.11265276
key598,0.11265276
key599,0.10799378
key600,0.11265276
key601,0.11265276
key602,0.11265276
key603,0.10799378
key604,0.11265276
key605,0.10799378
key606,0.10799378
key607,0.10799378
key608,0.10799378
key609,0.10799378
key610,0.11265276
key611,0.11265276
key612,0.11265276
key613,0.10799378
key614,0.11265276
key615,0.10799378
key616,0.11265276
key617,0.10799378
key618,0.11265276
key619,0.10799378
key620,0.10799378
key621,0.11265276
key622,0.11265276
key623,0.11265276
key624,0.11265276
key625,0.11265276
key626,0.11265276
key627,0.10799378
key628,0.11265276
key629,0.11265276
key630,0.10799378
key631,0.11265276
key632,0.10799378
key633,0.10799378
key634,0.11265276
key635,0.10799378
key636,0.11265276
key637,0.11265276
key638,0.11265276
key639,0.11265276
key640,0.11265276
key641,0.10799378
key642,0.10799378
key643,0.10799378
key644,0.11265276
key645,0.10799378
key646,0.10799378
key647,0.10799378
key648,0.11265276
key649,0.10799378
key650,0.10799378
key651,0.10799378
key652,0.11265276
key653,0.10799378
key654,0.10799378
key655,0.10799378
key656,0.11265276
key657,0.11265276
key658,0.11265276
key659,0.11265276
key660,0.10799378
key661,0.11265276
key662,0.11265276
key663,0.11265276
key664,0.11265276
key665,0.10799378
key666,0.11265276
key667,0.10799378
key668,0.11265276
key669,0.11265276
key670,0.10799378
key671,0.10799378
key672,0.10799378
key673,0.11265276
key674,0.11265276
key675,0.11265276
key676,0.11265276
key677,0.10799378
key678,0.10799378
key679,0.10799378
key680,0.10799378
key681,0.10799378
key682,0.10799378
key683,0.10799378
key684,0.11265276
key685,0.10799378
key686,0.10799378
key687,0.10799378
key688,0.10799378
key689,0.10799378
key690,0.10799378
key691,0.11265276
key692,0.11265276
key693,0.10799378
key694,0.11265276
key695,0.10799378
key696,0.11265276
key697,0.10799378
key698,0.11265276
key699,0.10799378
key700,0.10799378
key701,0.10799378
key702,0.10799378
key703,0.11265276
key704,0.11265276
key705,0.11265276
key706,0.10799378
key707,0.10799378
key708,0.10799378
key709,0.11265276
key710,0.10799378
key711,0.11265276
key712,0.11265276
key713,0.10799378
key714,0.11265276
key715,0.10799378
key716,0.11265276
key717,0.11265276
key718,0.10799378
key719,0.11265276
key720,0.10799378
key721,0.11265276
key722,0.10799378
key723,0.10799378
key724,0.11265276
key725,0.10799378
key726,0.10799378
key727,0.11265276
key728,0.11265276
key729,0.10799378
key730,0.11265276
key731,0.11265276
key732,0.10799378
key733,0.11265276
key734,0.11265276
key735,0.10799378
key736,0.11265276
key737,0.10799378
key738,0.11265276
key739,0.10799378
key740,0.11265276
key741,0.10799378
key742,0.11265276
key743,0.11265276
key744,0.11265276
key745,0.10799378
key746,0.11265276
key747,0.11265276
key748,0.10799378
key749,0.11265276
key750,0.11265276
key751,0.11265276
key752,0.10799378
key753,0.10799378
key754,0.11265276
key755,0.11265276
key756,0.10799378
key757,0.11265276
key758,0.11265276
key759,0.11265276
key760,0.10799378
key761,0.11265276
key762,0.10799378
key763,0.10799378
key764,0.11265276
key765,0.10799378
key766,0.10799378
key767,0.11265276
key768,0.11265276
key769,0.11265276
key770,0.11265276
key771,0.11265276
key772,0.10799378
key773,0.10799378
key774,0.11265276
key775,0.11265276
key776,0.10799378
key777,0.10799378
key778,0.11265276
key779,0.10799378
key780,0.11265276
key781,0.10799378
key782,0.11265276
key783,0.10799378
key784,0.10799378
key785,0.10799378
key786,0.10799378
key787,0.11265276
key788,0.11265276
key789,0.11265276
key790,0.11265276
key791,0.10799378
key792,0.11265276
key793,0.11265276
key794,0.10799378
key795,0.10799378
key796,0.11265276
key797,0.10799378
key798,0.10799378
key799,0.10799378
key800,0.11265276
key801,0.11265276
key802,0.11265276
key803,0.10799378
key804,0.10799378
key805,0.10799378
key806,0.10799378
key807,0.11265276
key808,0.11265276
key809,0.10799378
key810,0.10799378
key811,0.11265276
key812,0.11265276
key813,0.10799378
key814,0.10799378
key815,0.11265276
key816,0.11265276
key817,0.11265276
key818,0.11265276
key819,0.11265276
key820,0.11265276
key821,0.11265276
key822,0.11265276
key823,0.10799378
key824,0.10799378
key825,0.10799378
key826,0.11265276
key827,0.11265276
key828,0.11265276
key829,0.11265276
key830,0.10799378
key831,0.10799378
key832,0.11265276
key833,0.11265276
key834,0.11265276
key835,0.10799378
key836,0.10799378
key837,0.11265276
key838,0.11265276
key839,0.10799378
key840,0.11265276
key841,0.10799378
key842,0.10799378
key843,0.10799378
key844,0.11265276
key845,0.11265276
key846,0.11265276
key847,0.11265276
key848,0.10799378
key849,0.11265276
key850,0.10799378
key851,0.11265276
key852,0.10799378
key853,0.11265276
key854,0.11265276
key855,0.10799378
key856,0.11265276
key857,0.10799378
key858,0.11265276
key859,0.10799378
key860,0.11265276
key861,0.10799378
key862,0.11265276
key863,0.11265276
key864,0.11265276
key865,0.10799378
key866,0.10799378
key867,0.10799378
key868,0.10799378
key869,0.11265276
key870,0.11265276
key871,0.10799378
key872,0.10799378
key873,0.10799378
key874,0.10799378
key875,0.10799378
key876,0.10799378
key877,0.11265276
key878,0.10799378
key879,0.10799378
key880,0.11265276
key881,0.10799378
key882,0.11265276
key883,0.11265276
key884,0.10799378
key885,0.11265276
key886,0.11265276
key887,0.11265276
key888,0.10799378
key889,0.11265276
key890,0.11265276
key891,0.10799378
key892,0.10799378
key893,0.10799378
key894,0.10799378
key895,0.10799378
key896,0.11265276
key897,0.10799378
key898,0.11265276
key899,0.10799378
key900,0.10799378
key901,0.10799378
key902,0.11265276
key903,0.10799378
key904,0.10799378
key905,0.10799378
key906,0.11265276
key907,0.11265276
key908,0.10799378
key909,0.10799378
key910,0.11265276
key911,0.10799378
key912,0.11265276
key913,0.11265276
key914,0.11265276
key915,0.11265276
key916,0.11265276
key917,0.10799378
key918,0.10799378
key919,0.10799378
key920,0.11265276
key921,0.10799378
key922,0.10799378
key923,0.10799378
key924,0.11265276
key925,0.10799378
key926,0.11265276
key927,0.11265276
key928,0.11265276
key929,0.11265276
key930,0.11265276
key931,0.10799378
key932,0.11265276
key933,0.11265276
key934,0.10799378
key935,0.10799378
key936,0.10799378
key937,0.11265276
key938,0.11265276
key939,0.10799378
key940,0.10799378
key941,0.10799378
key942,0.11265276
key943,0.11265276
key944,0.10799378
key945,0.11265276
key946,0.11265276
key947,0.11265276
key948,0.10799378
key949,0.11265276
key950,0.10799378
key951,0.10799378
key952,0.10799378
key953,0.10799378
key954,0.10799378
key955,0.11265276
key956,0.10799378
key957,0.11265276
key958,0.11265276
key959,0.10799378
key960,0.11265276
key961,0.10799378
key962,0.11265276
key963,0.11265276
key964,0.11265276
key965,0.10799378
key966,0.11265276
key967,0.10799378
key968,0.10799378
key969,0.10799378
key970,0.11265276
key971,0.11265276
key972,0.11265276
key973,0.10799378
key974,0.11265276
key975,0.11265276
key976,0.10799378
key977,0.10799378
key978,0.10799378
key979,0.10799378
key980,0.10799378
key981,0.10799378
key982,0.11265276
key983,0.11265276
key984,0.10799378
key985,0.10799378
key986,0.11265276
key987,0.11265276
key988,0.11265276
key989,0.10799378
key990,0.11265276
key991,0.10799378
key992,0.10799378
key993,0.11265276
key994,0.11265276
key995,0.11265276
key996,0.11265276
key997,0.10799378
key998,0.11265276
key999,0.11265276
key1000,0.11265276
key1001,0.11265276
key1002,0.11265276
key1003,0.10799378
key1004,0.10799378
key1005,0.11265276
key1006,0.10799378
key1007,0.11265276
key1008,0.11265276
key1009,0.11265276
key1010,0.10799378
key1011,0.11265276
key1012,0.10799378
key1013,0.10799378
key1014,0.11265276
key1015,0.10799378
key1016,0.10799378
key1017,0.10799378
key1018,0.11265276
key1019,0.10799378
key1020,0.11265276
key1021,0.11265276
key1022,0.11265276
key1023,0.11265276
key1024,0.11265276
key1025,0.10799378
key1026,0.11265276
key1027,0.11265276
key1028,0.11265276
key1029,0.10799378
key1030,0.11265276
key1031,0.10799378
key1032,0.11265276
key1033,0.11265276
key1034,0.11265276
key1035,0.10799378
key1036,0.11265276
key1037,0.11265276
key1038,0.10799378
key1039,0.11265276
key1040,0.10799378
key1041,0.10799378
key1042,0.11265276
key1043,0.10799378
key1044,0.11265276
key1045,0.10799378
key1046,0.10799378
key1047,0.10799378
key1048,0.11265276
key1049,0.10799378
key1050,0.11265276
key1051,0.11265276
key1052,0.10799378
key1053,0.10799378
key1054,0.10799378
key1055,0.10799378
key1056,0.11265276
key1057,0.11265276
key1058,0.10799378
key1059,0.10799378
key1060,0.11265276
key1061,0.11265276
key1062,0.11265276
key1063,0.11265276
key1064,0.10799378
key1065,0.10799378
key1066,0.11265276
key1067,0.10799378
key1068,0.11265276
key1069,0.10799378
key1070,0.10799378
key1071,0.10799378
key1072,0.10799378
key1073,0.11265276
key1074,0.10799378
key1075,0.10799378
key1076,0.10799378
key1077,0.10799378
key1078,0.10799378
key1079,0.10799378
key1080,0.11265276
key1081,0.10799378
key1082,0.11265276
key1083,0.11265276
key1084,0.11265276
key1085,0.11265276
key1086,0.10799378
key1087,0.11265276
key1088,0.11265276
key1089,0.11265276
key1090,0.10799378
key1091,0.10799378
key1092,0.11265276
key1093,0.10799378
key1094,0.11265276
key1095,0.11265276
key1096,0.10799378
key1097,0.11265276
key1098,0.11265276
key1099,0.11265276
key1100,0.11265276
key1101,0.11265276
key1102,0.11265276
key1103,0.10799378
key1104,0.10799378
key1105,0.11265276
key1106,0.10799378
key1107,0.11265276
key1108,0.11265276
key1109,0.10799378
key1110,0.10799378
key1111,0.10799378
key1112,0.11265276
key1113,0.10799378
key1114,0.11265276
key1115,0.10799378
key1116,0.10799378
key1117,0.10799378
key1118,0.11265276
key1119,0.10799378
key1120,0.11265276
key1121,0.10799378
key1122,0.10799378
key1123,0.10799378
key1124,0.10799378
key1125,0.11265276
key1126,0.11265276
key1127,0.11265276
key1128,0.11265276
key1129,0.10799378
key1130,0.11265276
key1131,0.11265276
key1132,0.10799378
key1133,0.11265276
key1134,0.11265276
key1135,0.10799378
key1136,0.10799378
key1137,0.11265276
key1138,0.10799378
key1139,0.11265276
key1140,0.11265276
key1141,0.10799378
key1142,0.10799378
key1143,0.11265276
key1144,0.11265276
key1145,0.11265276
key1146,0.11265276
key1147,0.11265276
key1148,0.11265276
key1149,0.11265276
key1150,0.10799378
key1151,0.11265276
key1152,0.10799378
key1153,0.11265276
key1154,0.11265276
key1155,0.11265276
key1156,0.11265276
key1157,0.11265276
key1158,0.11265276
key1159,0.10799378
key1160,0.10799378
key1161,0.11265276
key1162,0.11265276
key1163,0.11265276
key1164,0.11265276
key1165,0.11265276
key1166,0.10799378
key1167,0.11265276
key1168,0.10799378
key1169,0.10799378
key1170,0.10799378
key1171,0.11265276
key1172,0.10799378
key1173,0.11265276
key1174,0.11265276
key1175,0.10799378
key1176,0.10799378
key1177,0.11265276
key1178,0.11265276
key1179,0.11265276
key1180,0.10799378
key1181,0.11265276
key1182,0.10799378
key1183,0.10799378
key1184,0.10799378
key1185,0.11265276
key1186,0.11265276
key1187,0.11265276
key1188,0.11265276
key1189,0.10799378
key1190,0.11265276
key1191,0.10799378
key1192,0.10799378
key1193,0.11265276
key1194,0.10799378
key1195,0.10799378
key1196,0.10799378
key1197,0.11265276
key1198,0.10799378
key1199,0.11265276
key1200,0.10799378
key1201,0.10799378
key1202,0.10799378
key1203,0.10799378
key1204,0.10799378
key1205,0.10799378
key1206,0.10799378
key1207,0.11265276
key1208,0.11265276
key1209,0.10799378
key1210,0.11265276
key1211,0.10799378
key1212,0.11265276
key1213,0.11265276
key1214,0.11265276
key1215,0.11265276
key1216,0.10799378
key1217,0.10799378
key1218,0.10799378
key1219,0.11265276
key1220,0.11265276
key1221,0.10799378
key1222,0.11265276
key1223,0.10799378
key1224,0.11265276
key1225,0.11265276
key1226,0.10799378
key1227,0.11265276
key1228,0.10799378
key1229,0.11265276
key1230,0.10799378
key1231,0.11265276
key1232,0.11265276
key1233,0.10799378
key1234,0.11265276
key1235,0.11265276
key1236,0.11265276
key1237,0.10799378
key1238,0.11265276
key1239,0.10799378
key1240,0.10799378
key1241,0.10799378
key1242,0.10799378
key1243,0.11265276
key1244,0.11265276
key1245,0.11265276
key1246,0.10799378
key1247,0.11265276
key1248,0.10799378
key1249,0.11265276
key1250,0.10799378
key1251,0.11265276
key1252,0.10799378
key1253,0.11265276
key1254,0.11265276
key1255,0.10799378
key1256,0.10799378
key1257,0.11265276
key1258,0.11265276
key1259,0.11265276
key1260,0.10799378
key1261,0.10799378
key1262,0.11265276
key1263,0.11265276
key1264,0.10799378
key1265,0.10799378
key1266,0.11265276
key1267,0.11265276
key1268,0.11265276
key1269,0.10799378
key1270,0.11265276
key1271,0.10799378
key1272,0.10799378
key1273,0.10799378
key1274,0.10799378
key1275,0.11265276
key1276,0.11265276
key1277,0.10799378
key1278,0.11265276
key1279,0.10799378
key1280,0.11265276
key1281,0.10799378
key1282,0.10799378
key1283,0.10799378
key1284,0.11265276
key1285,0.11265276
key1286,0.10799378
key1287,0.11265276
key1288,0.10799378
key1289,0.11265276
key1290,0.10799378
key1291,0.11265276
key1292,0.11265276
key1293,0.10799378
key1294,0.10799378
key1295,0.11265276
key1296,0.10799378
key1297,0.11265276
key1298,0.11265276
key1299,0.10799378
key1300,0.11265276
key1301,0.11265276
key1302,0.11265276
key1303,0.11265276
key1304,0.10799378
key1305,0.11265276
key1306,0.11265276
key1307,0.11265276
key1308,0.11265276
key1309,0.11265276
key1310,0.10799378
key1311,0.10799378
key1312,0.10799378
key1313,0.10799378
key1314,0.11265276
key1315,0.10799378
key1316,0.10799378
key1317,0.10799378
key1318,0.10799378
key1319,0.10799378
key1320,0.10799378
key1321,0.10799378
key1322,0.11265276
key1323,0.10799378
key1324,0.11265276
key1325,0.11265276
key1326,0.11265276
key1327,0.11265276
key1328,0.11265276
key1329,0.11265276
key1330,0.10799378
key1331,0.10799378
key1332,0.11265276
key1333,0.11265276
key1334,0.11265276
key1335,0.11265276
key1336,0.11265276
key1337,0.11265276
key1338,0.11265276
key1339,0.10799378
key1340,0.10799378
key1341,0.11265276
key1342,0.11265276
key1343,0.10799378
key1344,0.10799378
key1345,0.10799378
key1346,0.10799378
key1347,0.11265276
key1348,0.11265276
key1349,0.10799378
key1350,0.11265276
key1351,0.10799378
key1352,0.10799378
key1353,0.11265276
key1354,0.11265276
key1355,0.11265276
key1356,0.11265276
key1357,0.10799378
key1358,0.10799378
key1359,0.11265276
key1360,0.11265276
key1361,0.10799378
key1362,0.10799378
key1363,0.10799378
key1364,0.11265276
key1365,0.10799378
key1366,0.11265276
key1367,0.11265276
key1368,0.11265276
key1369,0.11265276
key1370,0.10799378
key1371,0.10799378
key1372,0.10799378
key1373,0.10799378
key1374,0.10799378
key1375,0.11265276
key1376,0.11265276
key1377,0.11265276
key1378,0.10799378
key1379,0.11265276
key1380,0.11265276
key1381,0.11265276
key1382,0.11265276
key1383,0.11265276
key1384,0.11265276
key1385,0.11265276
key1386,0.10799378
key1387,0.10799378
key1388,0.11265276
key1389,0.10799378
key1390,0.10799378
key1391,0.11265276
key1392,0.10799378
key1393,0.10799378
key1394,0.11265276
key1395,0.10799378
key1396,0.11265276
key1397,0.10799378
key1398,0.10799378
key1399,0.10799378
key1400,0.10799378
key1401,0.10799378
key1402,0.10799378
key1403,0.11265276
key1404,0.11265276
key1405,0.11265276
key1406,0.10799378
key1407,0.11265276
key1408,0.11265276
key1409,0.11265276
key1410,0.11265276
key1411,0.11265276
key1412,0.11265276
key1413,0.11265276
key1414,0.11265276
key1415,0.11265276
key1416,0.11265276
key1417,0.11265276
key1418,0.10799378
key1419,0.10799378
key1420,0.11265276
key1421,0.11265276
key1422,0.11265276
key1423,0.10799378
key1424,0.10799378
key1425,0.10799378
key1426,0.11265276
key1427,0.10799378
key1428,0.11265276
key1429,0.10799378
key1430,0.11265276
key1431,0.11265276
key1432,0.11265276
key1433,0.10799378
key1434,0.11265276
key1435,0.10799378
key1436,0.10799378
key1437,0.10799378
key1438,0.10799378
key1439,0.11265276
key1440,0.11265276
key1441,0.10799378
key1442,0.10799378
key1443,0.11265276
key1444,0.11265276
key1445,0.11265276
key1446,0.10799378
key1447,0.10799378
key1448,0.10799378
key1449,0.11265276
key1450,0.11265276
key1451,0.11265276
key1452,0.10799378
key1453,0.10799378
key1454,0.10799378
key1455,0.10799378
key1456,0.10799378
key1457,0.10799378
key1458,0.11265276
key1459,0.11265276
key1460,0.10799378
key1461,0.11265276
key1462,0.11265276
key1463,0.10799378
key1464,0.10799378
key1465,0.10799378
key1466,0.10799378
key1467,0.11265276
key1468,0.11265276
key1469,0.10799378
key1470,0.10799378
key1471,0.10799378
key1472,0.10799378
key1473,0.10799378
key1474,0.11265276
key1475,0.11265276
key1476,0.11265276
key1477,0.11265276
key1478,0.10799378
key1479,0.10799378
key1480,0.11265276
key1481,0.11265276
key1482,0.10799378
key1483,0.11265276
key1484,0.11265276
key1485,0.11265276
key1486,0.10799378
key1487,0.10799378
key1488,0.10799378
key1489,0.11265276
key1490,0.10799378
key1491,0.11265276
key1492,0.10799378
key1493,0.11265276
key1494,0.11265276
key1495,0.11265276
key1496,0.11265276
key1497,0.10799378
key1498,0.11265276
key1499,0.10799378
key1500,0.11265276
key1501,0.10799378
key1502,0.10799378
key1503,0.10799378
key1504,0.11265276
key1505,0.11265276
key1506,0.11265276
key1507,0.10799378
key1508,0.11265276
key1509,0.11265276
key1510,0.10799378
key1511,0.11265276
key1512,0.10799378
key1513,0.10799378
key1514,0.10799378
key1515,0.10799378
key1516,0.10799378
key1517,0.10799378
key1518,0.10799378
key1519,0.10799378
key1520,0.10799378
key1521,0.10799378
key1522,0.11265276
key1523,0.10799378
key1524,0.11265276
key1525,0.10799378
key1526,0.10799378
key1527,0.10799378
key1528,0.11265276
key1529,0.10799378
key1530,0.10799378
key1531,0.10799378
key1532,0.10799378
key1533,0.11265276
key1534,0.10799378
key1535,0.10799378
key1536,0.10799378
key1537,0.11265276
key1538,0.10799378
key1539,0.10799378
key1540,0.11265276
key1541,0.10799378
key1542,0.11265276
key1543,0.11265276
key1544,0.10799378
key1545,0.11265276
key1546,0.10799378
key1547,0.10799378
key1548,0.11265276
key1549,0.11265276
key1550,0.11265276
key1551,0.11265276
key1552,0.11265276
key1553,0.11265276
key1554,0.11265276
key1555,0.10799378
key1556,0.10799378
key1557,0.11265276
key1558,0.10799378
key1559,0.10799378
key1560,0.11265276
key1561,0.11265276
key1562,0.11265276
key1563,0.10799378
key1564,0.11265276
key1565,0.10799378
key1566,0.10799378
key1567,0.11265276
key1568,0.11265276
key1569,0.10799378
key1570,0.10799378
key1571,0.10799378
key1572,0.11265276
key1573,0.11265276
key1574,0.10799378
key1575,0.11265276
key1576,0.11265276
key1577,0.10799378
key1578,0.11265276
key1579,0.10799378
key1580,0.11265276
key1581,0.10799378
key1582,0.10799378
key1583,0.10799378
key1584,0.10799378
key1585,0.11265276
key1586,0.11265276
key1587,0.10799378
key1588,0.10799378
key1589,0.10799378
key1590,0.11265276
key1591,0.11265276
key1592,0.10799378
key1593,0.10799378
key1594,0.11265276
key1595,0.11265276
key1596,0.10799378
key1597,0.10799378
key1598,0.10799378
key1599,0.10799378
key1600,0.10799378
key1601,0.10799378
key1602,0.10799378
key1603,0.10799378
key1604,0.11265276
key1605,0.10799378
key1606,0.10799378
key1607,0.11265276
key1608,0.11265276
key1609,0.10799378
key1610,0.11265276
key1611,0.10799378
key1612,0.11265276
key1613,0.10799378
key1614,0.10799378
key1615,0.10799378
key1616,0.10799378
key1617,0.10799378
key1618,0.10799378
key1619,0.10799378
key1620,0.10799378
key1621,0.11265276
key1622,0.10799378
key1623,0.11265276
key1624,0.11265276
key1625,0.10799378
key1626,0.11265276
key1627,0.10799378
key1628,0.10799378
key1629,0.11265276
key1630,0.10799378
key1631,0.10799378
key1632,0.10799378
key1633,0.10799378
key1634,0.11265276
key1635,0.11265276
key1636,0.11265276
key1637,0.10799378
key1638,0.11265276
key1639,0.10799378
key1640,0.10799378
key1641,0.11265276
key1642,0.10799378
key1643,0.10799378
key1644,0.10799378
key1645,0.10799378
key1646,0.11265276
key1647,0.10799378
key1648,0.11265276
key1649,0.10799378
key1650,0.10799378
key1651,0.11265276
key1652,0.11265276
key1653,0.11265276
key1654,0.10799378
key1655,0.10799378
key1656,0.10799378
key1657,0.10799378
key1658,0.11265276
key1659,0.11265276
key1660,0.10799378
key1661,0.11265276
key1662,0.11265276
key1663,0.10799378
key1664,0.10799378
key1665,0.10799378
key1666,0.10799378
key1667,0.11265276
key1668,0.10799378
key1669,0.10799378
key1670,0.10799378
key1671,0.10799378
key1672,0.11265276
key1673,0.11265276
key1674,0.10799378
key1675,0.11265276
key1676,0.10799378
key1677,0.11265276
key1678,0.10799378
key1679,0.11265276
key1680,0.11265276
key1681,0.11265276
key1682,0.10799378
key1683,0.10799378
key1684,0.11265276
key1685,0.11265276
key1686,0.11265276
key1687,0.11265276
key1688,0.11265276
key1689,0.11265276
key1690,0.11265276
key1691,0.11265276
key1692,0.10799378
key1693,0.10799378
key1694,0.11265276
key1695,0.10799378
key1696,0.11265276
key1697,0.10799378
key1698,0.10799378
key1699,0.11265276
key1700,0.11265276
key1701,0.11265276
key1702,0.10799378
key1703,0.11265276
key1704,0.11265276
key1705,0.10799378
key1706,0.11265276
key1707,0.11265276
key1708,0.11265276
key1709,0.11265276
key1710,0.11265276
key1711,0.10799378
key1712,0.11265276
key1713,0.10799378
key1714,0.11265276
key1715,0.10799378
key1716,0.10799378
key1717,0.11265276
key1718,0.11265276
key1719,0.11265276
key1720,0.11265276
key1721,0.11265276
key1722,0.11265276
key1723,0.11265276
key1724,0.11265276
key1725,0.11265276
key1726,0.11265276
key1727,0.11265276
key1728,0.10799378
key1729,0.10799378
key1730,0.11265276
key1731,0.11265276
key1732,0.10799378
key1733,0.10799378
key1734,0.11265276
key1735,0.11265276
key1736,0.11265276
key1737,0.10799378
key1738,0.11265276
key1739,0.10799378
key1740,0.10799378
key1741,0.11265276
key1742,0.11265276
key1743,0.10799378
key1744,0.10799378
key1745,0.11265276
key1746,0.10799378
key1747,0.11265276
key1748,0.10799378
key1749,0.11265276
key1750,0.10799378
key1751,0.11265276
key1752,0.10799378
key1753,0.10799378
key1754,0.11265276
key1755,0.10799378
key1756,0.11265276
key1757,0.11265276
key1758,0.11265276
key1759,0.11265276
key1760,0.10799378
key1761,0.10799378
key1762,0.11265276
key1763,0.11265276
key1764,0.11265276
key1765,0.11265276
key1766,0.11265276
key1767,0.11265276
key1768,0.11265276
key1769,0.10799378
key1770,0.10799378
key1771,0.10799378
key1772,0.11265276
key1773,0.11265276
key1774,0.11265276
key1775,0.11265276
key1776,0.11265276
key1777,0.10799378
key1778,0.10799378
key1779,0.11265276
key1780,0.11265276
key1781,0.11265276
key1782,0.11265276
key1783,0.10799378
key1784,0.11265276
key1785,0.10799378
key1786,0.11265276
key1787,0.10799378
key1788,0.11265276
key1789,0.11265276
key1790,0.10799378
key1791,0.11265276
key1792,0.10799378
key1793,0.10799378
key1794,0.11265276
key1795,0.11265276
key1796,0.11265276
key1797,0.11265276
key1798,0.10799378
key1799,0.11265276
key1800,0.11265276
key1801,0.10799378
key1802,0.11265276
key1803,0.10799378
key1804,0.10799378
key1805,0.10799378
key1806,0.11265276
key1807,0.11265276
key1808,0.11265276
key1809,0.11265276
key1810,0.10799378
key1811,0.11265276
key1812,0.11265276
key1813,0.11265276
key1814,0.11265276
key1815,0.11265276
key1816,0.10799378
key1817,0.11265276
key1818,0.10799378
key1819,0.11265276
key1820,0.10799378
key1821,0.11265276
key1822,0.10799378
key1823,0.10799378
key1824,0.11265276
key1825,0.10799378
key1826,0.10799378
key1827,0.10799378
key1828,0.11265276
key1829,0.10799378
key1830,0.11265276
key1831,0.10799378
key1832,0.10799378
key1833,0.11265276
key1834,0.11265276
key1835,0.10799378
key1836,0.10799378
key1837,0.11265276
key1838,0.11265276
key1839,0.10799378
key1840,0.10799378
key1841,0.11265276
key1842,0.10799378
key1843,0.10799378
key1844,0.11265276
key1845,0.10799378
key1846,0.11265276
key1847,0.10799378
key1848,0.10799378
key1849,0.11265276
key1850,0.10799378
key1851,0.10799378
key1852,0.10799378
key1853,0.10799378
key1854,0.10799378
key1855,0.11265276
key1856,0.11265276
key1857,0.11265276
key1858,0.10799378
key1859,0.10799378
key1860,0.10799378
key1861,0.10799378
key1862,0.10799378
key1863,0.10799378
key1864,0.10799378
key1865,0.11265276
key1866,0.11265276
key1867,0.11265276
key1868,0.10799378
key1869,0.11265276
key1870,0.11265276
key1871,0.10799378
key1872,0.11265276
key1873,0.11265276
key1874,0.11265276
key1875,0.11265276
key1876,0.11265276
key1877,0.10799378
key1878,0.11265276
key1879,0.11265276
key1880,0.11265276
key1881,0.10799378
key1882,0.11265276
key1883,0.10799378
key1884,0.10799378
key1885,0.10799378
key1886,0.10799378
key1887,0.10799378
key1888,0.10799378
key1889,0.10799378
key1890,0.11265276
key1891,0.11265276
key1892,0.10799378
key1893,0.10799378
key1894,0.11265276
key1895,0.11265276
key1896,0.10799378
key1897,0.10799378
key1898,0.10799378
key1899,0.11265276
key1900,0.11265276
key1901,0.11265276
key1902,0.11265276
key1903,0.10799378
key1904,0.11265276
key1905,0.11265276
key1906,0.10799378
key1907,0.10799378
key1908,0.11265276
key1909,0.11265276
key1910,0.10799378
key1911,0.11265276
key1912,0.10799378
key1913,0.10799378
key1914,0.10799378
key1915,0.10799378
key1916,0.11265276
key1917,0.11265276
key1918,0.11265276
key1919,0.11265276
key1920,0.10799378
key1921,0.11265276
key1922,0.10799378
key1923,0.11265276
key1924,0.10799378
key1925,0.11265276
key1926,0.10799378
key1927,0.10799378
key1928,0.10799378
key1929,0.10799378
key1930,0.11265276
key1931,0.11265276
key1932,0.10799378
key1933,0.11265276
key1934,0.11265276
key1935,0.11265276
key1936,0.10799378
key1937,0.10799378
key1938,0.10799378
key1939,0.10799378
key1940,0.10799378
key1941,0.11265276
key1942,0.11265276
key1943,0.10799378
key1944,0.11265276
key1945,0.11265276
key1946,0.11265276
key1947,0.11265276
key1948,0.11265276
key1949,0.10799378
key1950,0.10799378
key1951,0.11265276
key1952,0.11265276
key1953,0.10799378
key1954,0.10799378
key1955,0.11265276
key1956,0.11265276
key1957,0.10799378
key1958,0.10799378
key1959,0.11265276
key1960,0.11265276
key1961,0.10799378
key1962,0.10799378
key1963,0.10799378
key1964,0.10799378
key1965,0.11265276
key1966,0.10799378
key1967,0.10799378
key1968,0.11265276
key1969,0.10799378
key1970,0.10799378
key1971,0.11265276
key1972,0.11265276
key1973,0.10799378
key1974,0.10799378
key1975,0.11265276
key1976,0.11265276
key1977,0.11265276
key1978,0.11265276
key1979,0.11265276
key1980,0.10799378
key1981,0.10799378
key1982,0.11265276
key1983,0.11265276
key1984,0.10799378
key1985,0.10799378
key1986,0.10799378
key1987,0.11265276
key1988,0.10799378
key1989,0.10799378
key1990,0.10799378
key1991,0.11265276
key1992,0.10799378
key1993,0.10799378
key1994,0.11265276
key1995,0.11265276
key1996,0.10799378
key1997,0.11265276
key1998,0.10799378
key1999,0.11265276
key2000,0.10799378
key2001,0.10799378
key2002,0.11265276
key2003,0.11265276
key2004,0.11265276
key2005,0.11265276
key2006,0.11265276
key2007,0.10799378
key2008,0.11265276
key2009,0.10799378
key2010,0.11265276
key2011,0.10799378
key2012,0.10799378
key2013,0.10799378
key2014,0.11265276
key2015,0.10799378
key2016,0.10799378
key2017,0.11265276
key2018,0.10799378
key2019,0.10799378
key2020,0.11265276
key2021,0.11265276
key2022,0.11265276
key2023,0.10799378
key2024,0.10799378
key2025,0.10799378
key2026,0.11265276
key2027,0.11265276
key2028,0.11265276
key2029,0.10799378
key2030,0.11265276
key2031,0.10799378
key2032,0.10799378
key2033,0.11265276
key2034,0.11265276
key2035,0.10799378
key2036,0.10799378
key2037,0.11265276
key2038,0.11265276
key2039,0.11265276
key2040,0.11265276
key2041,0.10799378
key2042,0.10799378
key2043,0.10799378
key2044,0.11265276
key2045,0.10799378
key2046,0.10799378
key2047,0.10799378
key2048,0.11265276
key2049,0.10799378
key2050,0.11265276
key2051,0.10799378
key2052,0.11265276
key2053,0.11265276
key2054,0.10799378
key2055,0.11265276
key2056,0.11265276
key2057,0.11265276
key2058,0.10799378
key2059,0.11265276
key2060,0.10799378
key2061,0.10799378
key2062,0.10799378
key2063,0.11265276
key2064,0.10799378
key2065,0.11265276
key2066,0.11265276
key2067,0.11265276
key2068,0.11265276
key2069,0.11265276
key2070,0.11265276
key2071,0.10799378
key2072,0.11265276
key2073,0.11265276
key2074,0.10799378
key2075,0.11265276
key2076,0.10799378
key2077,0.10799378
key2078,0.10799378
key2079,0.10799378
key2080,0.10799378
key2081,0.11265276
key2082,0.10799378
key2083,0.10799378
key2084,0.11265276
key2085,0.10799378
key2086,0.11265276
key2087,0.11265276
key2088,0.11265276
key2089,0.10799378
key2090,0.10799378
key2091,0.11265276
key2092,0.11265276
key2093,0.10799378
key2094,0.10799378
key2095,0.11265276
key2096,0.11265276
key2097,0.10799378
key2098,0.10799378
key2099,0.10799378
key2100,0.11265276
key2101,0.11265276
key2102,0.11265276
key2103,0.11265276
key2104,0.11265276
key2105,0.11265276
key2106,0.11265276
key2107,0.10799378
key2108,0.11265276
key2109,0.11265276
key2110,0.11265276
key2111,0.10799378
key2112,0.11265276
key2113,0.10799378
key2114,0.10799378
key2115,0.10799378
key2116,0.10799378
key2117,0.11265276
key2118,0.10799378
key2119,0.10799378
key2120,0.10799378
key2121,0.10799378
key2122,0.11265276
key2123,0.11265276
key2124,0.11265276
key2125,0.10799378
key2126,0.10799378
key2127,0.11265276
key2128,0.11265276
key2129,0.10799378
key2130,0.10799378
key2131,0.10799378
key2132,0.10799378
key2133,0.10799378
key2134,0.10799378
key2135,0.10799378
key2136,0.10799378
key2137,0.10799378
key2138,0.11265276
key2139,0.11265276
key2140,0.10799378
key2141,0.11265276
key2142,0.11265276
key2143,0.11265276
key2144,0.11265276
key2145,0.11265276
key2146,0.10799378
key2147,0.11265276
key2148,0.10799378
key2149,0.11265276
key2150,0.10799378
key2151,0.11265276
key2152,0.11265276
key2153,0.10799378
key2154,0.11265276
key2155,0.10799378
key2156,0.11265276
key2157,0.11265276
key2158,0.11265276
key2159,0.10799378
key2160,0.11265276
key2161,0.11265276
key2162,0.11265276
key2163,0.11265276
key2164,0.10799378
key2165,0.11265276
key2166,0.10799378
key2167,0.11265276
key2168,0.10799378
key2169,0.11265276
key2170,0.10799378
key2171,0.11265276
key2172,0.11265276
key2173,0.11265276
key2174,0.11265276
key2175,0.10799378
key2176,0.10799378
key2177,0.11265276
key2178,0.10799378
key2179,0.10799378
key2180,0.11265276
key2181,0.11265276
key2182,0.11265276
key2183,0.10799378
key2184,0.11265276
key2185,0.10799378
key2186,0.10799378
key2187,0.10799378
key2188,0.10799378
key2189,0.11265276
key2190,0.10799378
key2191,0.10799378
key2192,0.10799378
key2193,0.10799378
key2194,0.10799378
key2195,0.10799378
key2196,0.10799378
key2197,0.10799378
key2198,0.11265276
key2199,0.10799378
key2200,0.11265276
key2201,0.10799378
key2202,0.11265276
key2203,0.11265276
key2204,0.10799378
key2205,0.11265276
key2206,0.11265276
key2207,0.11265276
key2208,0.10799378
key2209,0.11265276
key2210,0.11265276
key2211,0.10799378
key2212,0.11265276
key2213,0.10799378
key2214,0.10799378
key2215,0.10799378
key2216,0.10799378
key2217,0.11265276
key2218,0.10799378
key2219,0.11265276
key2220,0.10799378
key2221,0.11265276
key2222,0.10799378
key2223,0.10799378
key2224,0.11265276
key2225,0.11265276
key2226,0.11265276
key2227,0.10799378
key2228,0.11265276
key2229,0.10799378
key2230,0.10799378
key2231,0.10799378
key2232,0.10799378
key2233,0.10799378
key2234,0.11265276
key2235,0.10799378
key2236,0.10799378
key2237,0.11265276
key2238,0.11265276
key2239,0.11265276
key2240,0.11265276
key2241,0.11265276
key2242,0.11265276
key2243,0.11265276
key2244,0.11265276
key2245,0.10799378
key2246,0.10799378
key2247,0.11265276
key2248,0.10799378
key2249,0.10799378
key2250,0.11265276
key2251,0.11265276
key2252,0.10799378
key2253,0.11265276
key2254,0.11265276
key2255,0.11265276
key2256,0.10799378
key2257,0.11265276
key2258,0.11265276
key2259,0.10799378
key2260,0.10799378
key2261,0.10799378
key2262,0.11265276
key2263,0.10799378
key2264,0.11265276
key2265,0.11265276
key2266,0.10799378
key2267,0.10799378
key2268,0.11265276
key2269,0.11265276
key2270,0.10799378
key2271,0.10799378
key2272,0.10799378
key2273,0.10799378
key2274,0.10799378
key2275,0.11265276
key2276,0.10799378
key2277,0.11265276
key2278,0.11265276
key2279,0.10799378
key2280,0.11265276
key2281,0.10799378
key2282,0.11265276
key2283,0.11265276
key2284,0.11265276
key2285,0.11265276
key2286,0.10799378
key2287,0.10799378
key2288,0.11265276
key2289,0.11265276
key2290,0.10799378
key2291,0.10799378
key2292,0.10799378
key2293,0.11265276
key2294,0.10799378
key2295,0.10799378
key2296,0.11265276
key2297,0.10799378
key2298,0.11265276
key2299,0.11265276
key2300,0.11265276
key2301,0.10799378
key2302,0.11265276
key2303,0.10799378
key2304,0.10799378
key2305,0.11265276
key2306,0.11265276
key2307,0.10799378
key2308,0.11265276
key2309,0.11265276
key2310,0.11265276
key2311,0.11265276
key2312,0.11265276
key2313,0.11265276
key2314,0.10799378
key2315,0.11265276
key2316,0.11265276
key2317,0.10799378
key2318,0.11265276
key2319,0.10799378
key2320,0.10799378
key2321,0.11265276
key2322,0.11265276
key2323,0.11265276
key2324,0.11265276
key2325,0.10799378
key2326,0.11265276
key2327,0.10799378
key2328,0.10799378
key2329,0.11265276
key2330,0.11265276
key2331,0.11265276
key2332,0.11265276
key2333,0.10799378
key2334,0.10799378
key2335,0.11265276
key2336,0.10799378
key2337,0.10799378
key2338,0.10799378
key2339,0.10799378
key2340,0.11265276
key2341,0.11265276
key2342,0.10799378
key2343,0.10799378
key2344,0.11265276
key2345,0.10799378
key2346,0.10799378
key2347,0.10799378
key2348,0.10799378
key2349,0.11265276
key2350,0.11265276
key2351,0.11265276
key2352,0.10799378
key2353,0.11265276
key2354,0.11265276
key2355,0.11265276
key2356,0.11265276
key2357,0.10799378
key2358,0.11265276
key2359,0.10799378
key2360,0.11265276
key2361,0.10799378
key2362,0.10799378
key2363,0.11265276
key2364,0.10799378
key2365,0.11265276
key2366,0.10799378
key2367,0.11265276
key2368,0.10799378
key2369,0.10799378
key2370,0.11265276
key2371,0.11265276
key2372,0.11265276
key2373,0.10799378
key2374,0.10799378
key2375,0.11265276
key2376,0.10799378
key2377,0.10799378
key2378,0.11265276
key2379,0.11265276
key2380,0.11265276
key2381,0.11265276
key2382,0.11265276
key2383,0.10799378
key2384,0.10799378
key2385,0.11265276
key2386,0.11265276
key2387,0.11265276
key2388,0.10799378
key2389,0.11265276
key2390,0.10799378
key2391,0.11265276
key2392,0.11265276
key2393,0.10799378
key2394,0.11265276
key2395,0.10799378
key2396,0.11265276
key2397,0.11265276
key2398,0.11265276
key2399,0.10799378
key2400,0.10799378
key2401,0.11265276
key2402,0.10799378
key2403,0.10799378
key2404,0.10799378
key2405,0.11265276
key2406,0.11265276
key2407,0.10799378
key2408,0.10799378
key2409,0.10799378
key2410,0.11265276
key2411,0.10799378
key2412,0.11265276
key2413,0.10799378
key2414,0.10799378
key2415,0.11265276
key2416,0.10799378
key2417,0.10799378
key2418,0.11265276
key2419,0.10799378
key2420,0.11265276
key2421,0.11265276
key2422,0.10799378
key2423,0.10799378
key2424,0.10799378
key2425,0.10799378
key2426,0.10799378
key2427,0.11265276
key2428,0.10799378
key2429,0.11265276
key2430,0.11265276
key2431,0.10799378
key2432,0.10799378
key2433,0.11265276
key2434,0.10799378
key2435,0.11265276
key2436,0.11265276
key2437,0.10799378
key2438,0.11265276
key2439,0.11265276
key2440,0.10799378
key2441,0.10799378
key2442,0.11265276
key2443,0.10799378
key2444,0.11265276
key2445,0.10799378
key2446,0.11265276
key2447,0.10799378
key2448,0.11265276
key2449,0.10799378
key2450,0.10799378
key2451,0.11265276
key2452,0.11265276
key2453,0.11265276
key2454,0.10799378
key2455,0.11265276
key2456,0.10799378
key2457,0.10799378
key2458,0.10799378
key2459,0.10799378
key2460,0.11265276
key2461,0.10799378
key2462,0.11265276
key2463,0.11265276
key2464,0.11265276
key2465,0.10799378
key2466,0.10799378
key2467,0.10799378
key2468,0.10799378
key2469,0.11265276
key2470,0.11265276
key2471,0.11265276
key2472,0.11265276
key2473,0.10799378
key2474,0.10799378
key2475,0.10799378
key2476,0.11265276
key2477,0.10799378
key2478,0.10799378
key2479,0.10799378
key2480,0.11265276
key2481,0.10799378
key2482,0.10799378
key2483,0.10799378
key2484,0.11265276
key2485,0.10799378
key2486,0.10799378
key2487,0.10799378
key2488,0.11265276
key2489,0.11265276
key2490,0.10799378
key2491,0.10799378
key2492,0.10799378
key2493,0.11265276
key2494,0.11265276
key2495,0.11265276
key2496,0.10799378
key2497,0.11265276
key2498,0.10799378
key2499,0.11265276
key2500,0.11265276
key2501,0.11265276
key2502,0.11265276
key2503,0.10799378
key2504,0.11265276
key2505,0.10799378
key2506,0.11265276
key2507,0.11265276
key2508,0.11265276
key2509,0.11265276
key2510,0.11265276
key2511,0.10799378
key2512,0.11265276
key2513,0.11265276
key2514,0.10799378
key2515,0.10799378
key2516,0.10799378
key2517,0.10799378
key2518,0.11265276
key2519,0.11265276
key2520,0.11265276
key2521,0.10799378
key2522,0.11265276
key2523,0.10799378
key2524,0.10799378
key2525,0.11265276
key2526,0.11265276
key2527,0.11265276
key2528,0.10799378
key2529,0.11265276
key2530,0.11265276
key2531,0.10799378
key2532,0.11265276
key2533,0.10799378
key2534,0.11265276
key2535,0.11265276
key2536,0.11265276
key2537,0.11265276
key2538,0.10799378
key2539,0.11265276
key2540,0.11265276
key2541,0.10799378
key2542,0.11265276
key2543,0.11265276
key2544,0.10799378
key2545,0.11265276
key2546,0.11265276
key2547,0.10799378
key2548,0.11265276
key2549,0.11265276
key2550,0.11265276
key2551,0.10799378
key2552,0.10799378
key2553,0.10799378
key2554,0.11265276
key2555,0.10799378
key2556,0.11265276
key2557,0.10799378
key2558,0.10799378
key2559,0.11265276
key2560,0.10799378
key2561,0.10799378
key2562,0.11265276
key2563,0.11265276
key2564,0.10799378
key2565,0.10799378
key2566,0.10799378
key2567,0.10799378
key2568,0.10799378
key2569,0.10799378
key2570,0.10799378
key2571,0.10799378
key2572,0.10799378
key2573,0.10799378
key2574,0.11265276
key2575,0.10799378
key2576,0.11265276
key2577,0.10799378
key2578,0.10799378
key2579,0.10799378
key2580,0.10799378
key2581,0.11265276
key2582,0.11265276
key2583,0.10799378
key2584,0.11265276
key2585,0.10799378
key2586,0.10799378
key2587,0.10799378
key2588,0.10799378
key2589,0.11265276
key2590,0.10799378
key2591,0.11265276
key2592,0.10799378
key2593,0.11265276
key2594,0.11265276
key2595,0.10799378
key2596,0.11265276
key2597,0.10799378
key2598,0.11265276
key2599,0.11265276
key2600,0.11265276
key2601,0.10799378
key2602,0.10799378
key2603,0.10799378
key2604,0.10799378
key2605,0.11265276
key2606,0.10799378
key2607,0.11265276
key2608,0.11265276
key2609,0.11265276
key2610,0.11265276
key2611,0.10799378
key2612,0.10799378
key2613,0.10799378
key2614,0.11265276
key2615,0.11265276
key2616,0.10799378
key2617,0.11265276
key2618,0.10799378
key2619,0.10799378
key2620,0.11265276
key2621,0.10799378
key2622,0.10799378
key2623,0.10799378
key2624,0.10799378
key2625,0.10799378
key2626,0.11265276
key2627,0.10799378
key2628,0.11265276
key2629,0.11265276
key2630,0.11265276
key2631,0.10799378
key2632,0.10799378
key2633,0.11265276
key2634,0.10799378
key2635,0.11265276
key2636,0.11265276
key2637,0.11265276
key2638,0.11265276
key2639,0.10799378
key2640,0.11265276
key2641,0.10799378
key2642,0.11265276
key2643,0.10799378
key2644,0.11265276
key2645,0.10799378
key2646,0.10799378
key2647,0.11265276
key2648,0.11265276
key2649,0.11265276
key2650,0.10799378
key2651,0.10799378
key2652,0.11265276
key2653,0.10799378
key2654,0.11265276
key2655,0.11265276
key2656,0.11265276
key2657,0.11265276
key2658,0.10799378
key2659,0.11265276
key2660,0.11265276
key2661,0.11265276
key2662,0.11265276
key2663,0.10799378
key2664,0.11265276
key2665,0.11265276
key2666,0.11265276
key2667,0.10799378
key2668,0.11265276
key2669,0.11265276
key2670,0.11265276
key2671,0.11265276
key2672,0.10799378
key2673,0.11265276
key2674,0.11265276
key2675,0.11265276
key2676,0.11265276
key2677,0.11265276
key2678,0.11265276
key2679,0.10799378
key2680,0.11265276
key2681,0.11265276
key2682,0.11265276
key2683,0.10799378
key2684,0.10799378
key2685,0.11265276
key2686,0.10799378
key2687,0.11265276
key2688,0.11265276
key2689,0.10799378
key2690,0.11265276
key2691,0.10799378
key2692,0.11265276
key2693,0.10799378
key2694,0.11265276
key2695,0.10799378
key2696,0.11265276
key2697,0.10799378
key2698,0.11265276
key2699,0.11265276
key2700,0.10799378
key2701,0.11265276
key2702,0.10799378
key2703,0.11265276
key2704,0.11265276
key2705,0.11265276
key2706,0.11265276
key2707,0.11265276
key2708,0.11265276
key2709,0.11265276
key2710,0.11265276
key2711,0.10799378
key2712,0.11265276
key2713,0.11265276
key2714,0.11265276
key2715,0.11265276
key2716,0.11265276
key2717,0.10799378
key2718,0.10799378
key2719,0.10799378
key2720,0.11265276
key2721,0.11265276
key2722,0.10799378
key2723,0.10799378
key2724,0.11265276
key2725,0.10799378
key2726,0.11265276
key2727,0.11265276
key2728,0.10799378
key2729,0.10799378
key2730,0.11265276
key2731,0.11265276
key2732,0.11265276
key2733,0.11265276
key2734,0.11265276
key2735,0.10799378
key2736,0.11265276
key2737,0.11265276
key2738,0.10799378
key2739,0.11265276
key2740,0.10799378
key2741,0.10799378
key2742,0.10799378
key2743,0.10799378
key2744,0.10799378
key2745,0.10799378
key2746,0.11265276
key2747,0.11265276
key2748,0.11265276
key2749,0.11265276
key2750,0.11265276
key2751,0.10799378
key2752,0.11265276
key2753,0.10799378
key2754,0.10799378
key2755,0.10799378
key2756,0.11265276
key2757,0.10799378
key2758,0.11265276
key2759,0.10799378
key2760,0.10799378
key2761,0.10799378
key2762,0.11265276
key2763,0.11265276
key2764,0.10799378
key2765,0.11265276
key2766,0.11265276
key2767,0.11265276
key2768,0.11265276
key2769,0.10799378
key2770,0.10799378
key2771,0.10799378
key2772,0.11265276
key2773,0.10799378
key2774,0.10799378
key2775,0.10799378
key2776,0.11265276
key2777,0.11265276
key2778,0.11265276
key2779,0.11265276
key2780,0.11265276
key2781,0.11265276
key2782,0.10799378
key2783,0.11265276
key2784,0.10799378
key2785,0.11265276
key2786,0.10799378
key2787,0.10799378
key2788,0.10799378
key2789,0.11265276
key2790,0.11265276
key2791,0.11265276
key2792,0.11265276
key2793,0.11265276
key2794,0.10799378
key2795,0.11265276
key2796,0.11265276
key2797,0.10799378
key2798,0.11265276
key2799,0.10799378
key2800,0.11265276
key2801,0.11265276
key2802,0.11265276
key2803,0.11265276
key2804,0.11265276
key2805,0.11265276
key2806,0.10799378
key2807,0.10799378
key2808,0.10799378
key2809,0.11265276
key2810,0.11265276
key2811,0.10799378
key2812,0.11265276
key2813,0.11265276
key2814,0.11265276
key2815,0.10799378
key2816,0.10799378
key2817,0.11265276
key2818,0.11265276
key2819,0.10799378
key2820,0.11265276
key2821,0.10799378
key2822,0.11265276
key2823,0.11265276
key2824,0.10799378
key2825,0.11265276
key2826,0.11265276
key2827,0.10799378
key2828,0.11265276
key2829,0.10799378
key2830,0.11265276
key2831,0.11265276
key2832,0.11265276
key2833,0.11265276
key2834,0.11265276
key2835,0.11265276
key2836,0.11265276
key2837,0.11265276
key2838,0.11265276
key2839,0.11265276
key2840,0.10799378
key2841,0.10799378
key2842,0.10799378
key2843,0.11265276
key2844,0.11265276
key2845,0.10799378
key2846,0.11265276
key2847,0.10799378
key2848,0.10799378
key2849,0.11265276
key2850,0.10799378
key2851,0.10799378
key2852,0.11265276
key2853,0.10799378
key2854,0.10799378
key2855,0.11265276
key2856,0.11265276
key2857,0.10799378
key2858,0.10799378
key2859,0.11265276
key2860,0.11265276
key2861,0.11265276
key2862,0.10799378
key2863,0.11265276
key2864,0.11265276
key2865,0.10799378
key2866,0.11265276
key2867,0.11265276
key2868,0.11265276
key2869,0.10799378
key2870,0.10799378
key2871,0.10799378
key2872,0.10799378
key2873,0.10799378
key2874,0.11265276
key2875,0.11265276
key2876,0.10799378
key2877,0.11265276
key2878,0.11265276
key2879,0.10799378
key2880,0.11265276
key2881,0.11265276
key2882,0.11265276
key2883,0.11265276
key2884,0.11265276
key2885,0.11265276
key2886,0.10799378
key2887,0.10799378
key2888,0.10799378
key2889,0.11265276
key2890,0.11265276
key2891,0.11265276
key2892,0.10799378
key2893,0.11265276
key2894,0.10799378
key2895,0.10799378
key2896,0.10799378
key2897,0.10799378
key2898,0.10799378
key2899,0.11265276
key2900,0.11265276
key2901,0.11265276
key2902,0.10799378
key2903,0.10799378
key2904,0.10799378
key2905,0.10799378
key2906,0.11265276
key2907,0.10799378
key2908,0.10799378
key2909,0.10799378
key2910,0.10799378
key2911,0.10799378
key2912,0.11265276
key2913,0.10799378
key2914,0.10799378
key2915,0.10799378
key2916,0.10799378
key2917,0.10799378
key2918,0.10799378
key2919,0.11265276
key2920,0.10799378
key2921,0.11265276
key2922,0.10799378
key2923,0.10799378
key2924,0.10799378
key2925,0.10799378
key2926,0.11265276
key2927,0.11265276
key2928,0.11265276
key2929,0.10799378
key2930,0.11265276
key2931,0.10799378
key2932,0.11265276
key2933,0.11265276
key2934,0.11265276
key2935,0.11265276
key2936,0.10799378
key2937,0.10799378
key2938,0.10799378
key2939,0.10799378
key2940,0.11265276
key2941,0.10799378
key2942,0.10799378
key2943,0.11265276
key2944,0.11265276
key2945,0.10799378
key2946,0.10799378
key2947,0.10799378
key2948,0.11265276
key2949,0.10799378
key2950,0.11265276
key2951,0.10799378
key2952,0.10799378
key2953,0.10799378
key2954,0.11265276
key2955,0.11265276
key2956,0.11265276
key2957,0.11265276
key2958,0.10799378
key2959,0.11265276
key2960,0.10799378
key2961,0.10799378
key2962,0.11265276
key2963,0.11265276
key2964,0.10799378
key2965,0.10799378
key2966,0.10799378
key2967,0.10799378
key2968,0.10799378
key2969,0.10799378
key2970,0.10799378
key2971,0.11265276
key2972,0.10799378
key2973,0.10799378
key2974,0.10799378
key2975,0.11265276
key2976,0.10799378
key2977,0.10799378
key2978,0.11265276
key2979,0.11265276
key2980,0.11265276
key2981,0.11265276
key2982,0.11265276
key2983,0.10799378
key2984,0.10799378
key2985,0.10799378
key2986,0.11265276
key2987,0.10799378
key2988,0.11265276
key2989,0.10799378
key2990,0.11265276
key2991,0.10799378
key2992,0.10799378
key2993,0.10799378
key2994,0.10799378
key2995,0.11265276
key2996,0.11265276
key2997,0.10799378
key2998,0.11265276
key2999,0.10799378
key3000,0.11265276
key3001,0.11265276
key3002,0.10799378
key3003,0.11265276
key3004,0.11265276
key3005,0.10799378
key3006,0.10799378
key3007,0.10799378
key3008,0.10799378
key3009,0.10799378
key3010,0.10799378
key3011,0.11265276
key3012,0.11265276
key3013,0.10799378
key3014,0.10799378
key3015,0.10799378
key3016,0.10799378
key3017,0.10799378
key3018,0.10799378
key3019,0.10799378
key3020,0.10799378
key3021,0.10799378
key3022,0.11265276
key3023,0.10799378
key3024,0.11265276
key3025,0.10799378
key3026,0.10799378
key3027,0.10799378
key3028,0.11265276
key3029,0.11265276
key3030,0.11265276
key3031,0.10799378
key3032,0.11265276
key3033,0.11265276
key3034,0.10799378
key3035,0.11265276
key3036,0.11265276
key3037,0.10799378
key3038,0.10799378
key3039,0.11265276
key3040,0.10799378
key3041,0.10799378
key3042,0.10799378
key3043,0.10799378
key3044,0.11265276
key3045,0.11265276
key3046,0.11265276
key3047,0.11265276
key3048,0.11265276
key3049,0.11265276
key3050,0.10799378
key3051,0.10799378
key3052,0.11265276
key3053,0.11265276
key3054,0.10799378
key3055,0.11265276
key3056,0.10799378
key3057,0.11265276
key3058,0.11265276
key3059,0.11265276
key3060,0.11265276
key3061,0.10799378
key3062,0.11265276
key3063,0.11265276
key3064,0.11265276
key3065,0.11265276
key3066,0.10799378
key3067,0.11265276
key3068,0.11265276
key3069,0.11265276
key3070,0.10799378
key3071,0.10799378
key3072,0.11265276
key3073,0.11265276
key3074,0.10799378
key3075,0.10799378
key3076,0.11265276
key3077,0.10799378
key3078,0.11265276
key3079,0.10799378
key3080,0.11265276
key3081,0.11265276
key3082,0.10799378
key3083,0.10799378
key3084,0.10799378
key3085,0.10799378
key3086,0.10799378
key3087,0.10799378
key3088,0.11265276
key3089,0.11265276
key3090,0.11265276
key3091,0.10799378
key3092,0.10799378
key3093,0.11265276
key3094,0.11265276
key3095,0.10799378
key3096,0.11265276
key3097,0.10799378
key3098,0.11265276
key3099,0.10799378
key3100,0.11265276
key3101,0.10799378
key3102,0.10799378
key3103,0.11265276
key3104,0.10799378
key3105,0.10799378
key3106,0.11265276
key3107,0.11265276
key3108,0.10799378
key3109,0.10799378
key3110,0.10799378
key3111,0.11265276
key3112,0.11265276
key3113,0.10799378
key3114,0.11265276
key3115,0.10799378
key3116,0.10799378
key3117,0.11265276
key3118,0.10799378
key3119,0.11265276
key3120,0.10799378
key3121,0.11265276
key3122,0.11265276
key3123,0.11265276
key3124,0.10799378
key3125,0.10799378
key3126,0.10799378
key3127,0.10799378
key3128,0.10799378
key3129,0.10799378
key3130,0.11265276
key3131,0.11265276
key3132,0.10799378
key3133,0.11265276
key3134,0.10799378
key3135,0.11265276
key3136,0.11265276
key3137,0.10799378
key3138,0.11265276
key3139,0.11265276
key3140,0.10799378
key3141,0.10799378
key3142,0.11265276
key3143,0.10799378
key3144,0.10799378
key3145,0.11265276
key3146,0.10799378
key3147,0.11265276
key3148,0.10799378
key3149,0.10799378
key3150,0.10799378
key3151,0.11265276
key3152,0.11265276
key3153,0.11265276
key3154,0.10799378
key3155,0.11265276
key3156,0.11265276
key3157,0.11265276
key3158,0.11265276
key3159,0.10799378
key3160,0.10799378
key3161,0.11265276
key3162,0.10799378
key3163,0.11265276
key3164,0.10799378
key3165,0.11265276
key3166,0.11265276
key3167,0.11265276
key3168,0.11265276
key3169,0.11265276
key3170,0.10799378
key3171,0.11265276
key3172,0.11265276
key3173,0.11265276
key3174,0.10799378
key3175,0.11265276
key3176,0.11265276
key3177,0.10799378
key3178,0.10799378
key3179,0.10799378
key3180,0.11265276
key3181,0.10799378
key3182,0.10799378
key3183,0.11265276
key3184,0.10799378
key3185,0.11265276
key3186,0.10799378
key3187,0.10799378
key3188,0.11265276
key3189,0.11265276
key3190,0.11265276
key3191,0.11265276
key3192,0.10799378
key3193,0.10799378
key3194,0.10799378
key3195,0.11265276
key3196,0.11265276
key3197,0.10799378
key3198,0.11265276
key3199,0.11265276
key3200,0.11265276
key3201,0.10799378
key3202,0.10799378
key3203,0.11265276
key3204,0.10799378
key3205,0.11265276
key3206,0.11265276
key3207,0.11265276
key3208,0.10799378
key3209,0.10799378
key3210,0.11265276
key3211,0.11265276
key3212,0.10799378
key3213,0.10799378
key3214,0.11265276
key3215,0.10799378
key3216,0.11265276
key3217,0.11265276
key3218,0.11265276
key3219,0.11265276
key3220,0.11265276
key3221,0.10799378
key3222,0.10799378
key3223,0.10799378
key3224,0.11265276
key3225,0.11265276
key3226,0.11265276
key3227,0.11265276
key3228,0.10799378
key3229,0.11265276
key3230,0.11265276
key3231,0.10799378
key3232,0.11265276
key3233,0.11265276
key3234,0.10799378
key3235,0.10799378
key3236,0.11265276
key3237,0.11265276
key3238,0.11265276
key3239,0.10799378
key3240,0.10799378
key3241,0.11265276
key3242,0.11265276
key3243,0.11265276
key3244,0.11265276
key3245,0.11265276
key3246,0.10799378
key3247,0.10799378
key3248,0.10799378
key3249,0.10799378
key3250,0.10799378
key3251,0.10799378
key3252,0.11265276
key3253,0.11265276
key3254,0.11265276
key3255,0.11265276
key3256,0.11265276
key3257,0.11265276
key3258,0.10799378
key3259,0.11265276
key3260,0.11265276
key3261,0.11265276
key3262,0.10799378
key3263,0.11265276
key3264,0.11265276
key3265,0.10799378
key3266,0.10799378
key3267,0.11265276
key3268,0.10799378
key3269,0.10799378
key3270,0.11265276
key3271,0.11265276
key3272,0.10799378
key3273,0.11265276
key3274,0.11265276
key3275,0.10799378
key3276,0.10799378
key3277,0.10799378
key3278,0.10799378
key3279,0.11265276
key3280,0.11265276
key3281,0.10799378
key3282,0.10799378
key3283,0.10799378
key3284,0.11265276
key3285,0.10799378
key3286,0.11265276
key3287,0.10799378
key3288,0.10799378
key3289,0.11265276
key3290,0.10799378
key3291,0.10799378
key3292,0.10799378
key3293,0.11265276
key3294,0.10799378
key3295,0.10799378
key3296,0.10799378
key3297,0.11265276
key3298,0.10799378
key3299,0.11265276
key3300,0.11265276
key3301,0.10799378
key3302,0.10799378
key3303,0.10799378
key3304,0.10799378
key3305,0.10799378
key3306,0.11265276
key3307,0.10799378
key3308,0.10799378
key3309,0.11265276
key3310,0.10799378
key3311,0.11265276
key3312,0.10799378
key3313,0.11265276
key3314,0.11265276
key3315,0.11265276
key3316,0.11265276
key3317,0.11265276
key3318,0.11265276
key3319,0.11265276
key3320,0.10799378
key3321,0.11265276
key3322,0.11265276
key3323,0.11265276
key3324,0.11265276
key3325,0.11265276
key3326,0.11265276
key3327,0.10799378
key3328,0.10799378
key3329,0.10799378
key3330,0.10799378
key3331,0.11265276
key3332,0.10799378
key3333,0.10799378
key3334,0.10799378
key3335,0.10799378
key3336,0.11265276
key3337,0.10799378
key3338,0.11265276
key3339,0.11265276
key3340,0.10799378
key3341,0.11265276
key3342,0.10799378
key3343,0.10799378
key3344,0.11265276
key3345,0.10799378
key3346,0.10799378
key3347,0.11265276
key3348,0.10799378
key3349,0.10799378
key3350,0.11265276
key3351,0.11265276
key3352,0.10799378
key3353,0.10799378
key3354,0.11265276
key3355,0.10799378
key3356,0.10799378
key3357,0.11265276
key3358,0.11265276
key3359,0.10799378
key3360,0.11265276
key3361,0.10799378
key3362,0.11265276
key3363,0.10799378
key3364,0.10799378
key3365,0.10799378
key3366,0.10799378
key3367,0.10799378
key3368,0.11265276
key3369,0.11265276
key3370,0.11265276
key3371,0.10799378
key3372,0.11265276
key3373,0.11265276
key3374,0.10799378
key3375,0.10799378
key3376,0.10799378
key3377,0.11265276
key3378,0.10799378
key3379,0.10799378
key3380,0.11265276
key3381,0.10799378
key3382,0.11265276
key3383,0.10799378
key3384,0.11265276
key3385,0.10799378
key3386,0.11265276
key3387,0.10799378
key3388,0.11265276
key3389,0.11265276
key3390,0.11265276
key3391,0.10799378
key3392,0.10799378
key3393,0.11265276
key3394,0.11265276
key3395,0.10799378
key3396,0.11265276
key3397,0.11265276
key3398,0.11265276
key3399,0.11265276
key3400,0.11265276
key3401,0.11265276
key3402,0.10799378
key3403,0.11265276
key3404,0.10799378
key3405,0.10799378
key3406,0.10799378
key3407,0.10799378
key3408,0.11265276
key3409,0.11265276
key3410,0.11265276
key3411,0.11265276
key3412,0.10799378
key3413,0.11265276
key3414,0.11265276
key3415,0.11265276
key3416,0.11265276
key3417,0.10799378
key3418,0.11265276
key3419,0.11265276
key3420,0.11265276
key3421,0.10799378
key3422,0.11265276
key3423,0.10799378
key3424,0.10799378
key3425,0.11265276
key3426,0.10799378
key3427,0.11265276
key3428,0.10799378
key3429,0.11265276
key3430,0.10799378
key3431,0.10799378
key3432,0.10799378
key3433,0.10799378
key3434,0.11265276
key3435,0.11265276
key3436,0.10799378
key3437,0.11265276
key3438,0.11265276
key3439,0.11265276
key3440,0.11265276
key3441,0.10799378
key3442,0.11265276
key3443,0.11265276
key3444,0.11265276
key3445,0.11265276
key3446,0.11265276
key3447,0.10799378
key3448,0.10799378
key3449,0.11265276
key3450,0.10799378
key3451,0.11265276
key3452,0.10799378
key3453,0.10799378
key3454,0.10799378
key3455,0.11265276
key3456,0.10799378
key3457,0.10799378
key3458,0.11265276
key3459,0.11265276
key3460,0.10799378
key3461,0.10799378
key3462,0.10799378
key3463,0.11265276
key3464,0.11265276
key3465,0.10799378
key3466,0.10799378
key3467,0.11265276
key3468,0.10799378
key3469,0.10799378
key3470,0.10799378
key3471,0.11265276
key3472,0.10799378
key3473,0.11265276
key3474,0.10799378
key3475,0.11265276
key3476,0.10799378
key3477,0.10799378
key3478,0.11265276
key3479,0.10799378
key3480,0.10799378
key3481,0.10799378
key3482,0.10799378
key3483,0.11265276
key3484,0.10799378
key3485,0.11265276
key3486,0.10799378
key3487,0.11265276
key3488,0.11265276
key3489,0.10799378
key3490,0.10799378
key3491,0.10799378
key3492,0.11265276
key3493,0.10799378
key3494,0.10799378
key3495,0.10799378
key3496,0.11265276
key3497,0.11265276
key3498,0.11265276
key3499,0.11265276
key3500,0.11265276
key3501,0.11265276
key3502,0.10799378
key3503,0.11265276
key3504,0.11265276
key3505,0.10799378
key3506,0.11265276
key3507,0.11265276
key3508,0.11265276
key3509,0.10799378
key3510,0.10799378
key3511,0.11265276
key3512,0.11265276
key3513,0.10799378
key3514,0.11265276
key3515,0.10799378
key3516,0.10799378
key3517,0.11265276
key3518,0.11265276
key3519,0.11265276
key3520,0.10799378
key3521,0.11265276
key3522,0.10799378
key3523,0.11265276
key3524,0.10799378
key3525,0.10799378
key3526,0.10799378
key3527,0.11265276
key3528,0.11265276
key3529,0.11265276
key3530,0.10799378
key3531,0.11265276
key3532,0.10799378
key3533,0.10799378
key3534,0.11265276
key3535,0.10799378
key3536,0.11265276
key3537,0.10799378
key3538,0.11265276
key3539,0.10799378
key3540,0.11265276
key3541,0.11265276
key3542,0.11265276
key3543,0.10799378
key3544,0.10799378
key3545,0.10799378
key3546,0.11265276
key3547,0.11265276
key3548,0.10799378
key3549,0.10799378
key3550,0.11265276
key3551,0.11265276
key3552,0.10799378
key3553,0.11265276
key3554,0.11265276
key3555,0.10799378
key3556,0.11265276
key3557,0.10799378
key3558,0.11265276
key3559,0.11265276
key3560,0.11265276
key3561,0.11265276
key3562,0.11265276
key3563,0.11265276
key3564,0.11265276
key3565,0.10799378
key3566,0.11265276
key3567,0.10799378
key3568,0.11265276
key3569,0.11265276
key3570,0.11265276
key3571,0.10799378
key3572,0.11265276
key3573,0.10799378
key3574,0.10799378
key3575,0.11265276
key3576,0.10799378
key3577,0.10799378
key3578,0.10799378
key3579,0.10799378
key3580,0.10799378
key3581,0.10799378
key3582,0.10799378
key3583,0.10799378
key3584,0.10799378
key3585,0.10799378
key3586,0.11265276
key3587,0.10799378
key3588,0.11265276
key3589,0.11265276
key3590,0.10799378
key3591,0.10799378
key3592,0.11265276
key3593,0.11265276
key3594,0.10799378
key3595,0.11265276
key3596,0.11265276
key3597,0.11265276
key3598,0.10799378
key3599,0.11265276
key3600,0.11265276
key3601,0.11265276
key3602,0.11265276
key3603,0.10799378
key3604,0.11265276
key3605,0.10799378
key3606,0.10799378
key3607,0.11265276
key3608,0.11265276
key3609,0.11265276
key3610,0.11265276
key3611,0.11265276
key3612,0.11265276
key3613,0.10799378
key3614,0.11265276
key3615,0.11265276
key3616,0.11265276
key3617,0.11265276
key3618,0.11265276
key3619,0.10799378
key3620,0.11265276
key3621,0.10799378
key3622,0.11265276
key3623,0.11265276
key3624,0.11265276
key3625,0.10799378
key3626,0.10799378
key3627,0.10799378
key3628,0.11265276
key3629,0.11265276
key3630,0.11265276
key3631,0.11265276
key3632,0.10799378
key3633,0.10799378
key3634,0.11265276
key3635,0.10799378
key3636,0.10799378
key3637,0.11265276
key3638,0.11265276
key3639,0.10799378
key3640,0.10799378
key3641,0.10799378
key3642,0.11265276
key3643,0.10799378
key3644,0.10799378
key3645,0.11265276
key3646,0.11265276
key3647,0.11265276
key3648,0.11265276
key3649,0.11265276
key3650,0.11265276
key3651,0.11265276
key3652,0.10799378
key3653,0.10799378
key3654,0.11265276
key3655,0.10799378
key3656,0.10799378
key3657,0.11265276
key3658,0.10799378
key3659,0.10799378
key3660,0.10799378
key3661,0.11265276
key3662,0.10799378
key3663,0.10799378
key3664,0.11265276
key3665,0.11265276
key3666,0.11265276
key3667,0.11265276
key3668,0.10799378
key3669,0.11265276
key3670,0.11265276
key3671,0.10799378
key3672,0.10799378
key3673,0.10799378
key3674,0.11265276
key3675,0.11265276
key3676,0.11265276
key3677,0.10799378
key3678,0.11265276
key3679,0.11265276
key3680,0.10799378
key3681,0.11265276
key3682,0.11265276
key3683,0.11265276
key3684,0.10799378
key3685,0.10799378
key3686,0.10799378
key3687,0.11265276
key3688,0.10799378
key3689,0.11265276
key3690,0.10799378
key3691,0.11265276
key3692,0.11265276
key3693,0.10799378
key3694,0.10799378
key3695,0.11265276
key3696,0.11265276
key3697,0.11265276
key3698,0.11265276
key3699,0.11265276
key3700,0.11265276
key3701,0.11265276
key3702,0.10799378
key3703,0.11265276
key3704,0.10799378
key3705,0.10799378
key3706,0.11265276
key3707,0.10799378
key3708,0.11265276
key3709,0.11265276
key3710,0.11265276
key3711,0.10799378
key3712,0.11265276
key3713,0.10799378
key3714,0.11265276
key3715,0.10799378
key3716,0.11265276
key3717,0.11265276
key3718,0.11265276
key3719,0.11265276
key3720,0.11265276
key3721,0.11265276
key3722,0.10799378
key3723,0.10799378
key3724,0.10799378
key3725,0.11265276
key3726,0.10799378
key3727,0.11265276
key3728,0.10799378
key3729,0.10799378
key3730,0.10799378
key3731,0.11265276
key3732,0.10799378
key3733,0.11265276
key3734,0.11265276
key3735,0.11265276
key3736,0.11265276
key3737,0.10799378
key3738,0.10799378
key3739,0.11265276
key3740,0.10799378
key3741,0.10799378
key3742,0.11265276
key3743,0.10799378
key3744,0.10799378
key3745,0.10799378
key3746,0.11265276
key3747,0.10799378
key3748,0.11265276
key3749,0.11265276
key3750,0.11265276
key3751,0.11265276
key3752,0.10799378
key3753,0.10799378
key3754,0.10799378
key3755,0.11265276
key3756,0.10799378
key3757,0.10799378
key3758,0.10799378
key3759,0.10799378
key3760,0.11265276
key3761,0.10799378
key3762,0.11265276
key3763,0.11265276
key3764,0.10799378
key3765,0.10799378
key3766,0.11265276
key3767,0.10799378
key3768,0.10799378
key3769,0.10799378
key3770,0.10799378
key3771,0.10799378
key3772,0.10799378
key3773,0.11265276
key3774,0.10799378
key3775,0.10799378
key3776,0.11265276
key3777,0.10799378
key3778,0.10799378
key3779,0.10799378
key3780,0.11265276
key3781,0.11265276
key3782,0.11265276
key3783,0.11265276
key3784,0.11265276
key3785,0.11265276
key3786,0.11265276
key3787,0.10799378
key3788,0.10799378
key3789,0.11265276
key3790,0.10799378
key3791,0.10799378
key3792,0.10799378
key3793,0.11265276
key3794,0.11265276
key3795,0.11265276
key3796,0.10799378
key3797,0.10799378
key3798,0.10799378
key3799,0.10799378
key3800,0.10799378
key3801,0.11265276
key3802,0.11265276
key3803,0.10799378
key3804,0.11265276
key3805,0.10799378
key3806,0.11265276
key3807,0.10799378
key3808,0.10799378
key3809,0.10799378
key3810,0.11265276
key3811,0.11265276
key3812,0.11265276
key3813,0.10799378
key3814,0.10799378
key3815,0.11265276
key3816,0.11265276
key3817,0.10799378
key3818,0.10799378
key3819,0.11265276
key3820,0.10799378
key3821,0.11265276
key3822,0.10799378
key3823,0.10799378
key3824,0.11265276
key3825,0.10799378
key3826,0.10799378
key3827,0.10799378
key3828,0.11265276
key3829,0.10799378
key3830,0.11265276
key3831,0.11265276
key3832,0.11265276
key3833,0.11265276
key3834,0.10799378
key3835,0.11265276
key3836,0.10799378
key3837,0.11265276
key3838,0.11265276
key3839,0.11265276
key3840,0.10799378
key3841,0.11265276
key3842,0.10799378
key3843,0.10799378
key3844,0.11265276
key3845,0.10799378
key3846,0.11265276
key3847,0.11265276
key3848,0.11265276
key3849,0.11265276
key3850,0.10799378
key3851,0.10799378
key3852,0.10799378
key3853,0.10799378
key3854,0.11265276
key3855,0.11265276
key3856,0.10799378
key3857,0.10799378
key3858,0.11265276
key3859,0.11265276
key3860,0.10799378
key3861,0.10799378
key3862,0.10799378
key3863,0.11265276
key3864,0.10799378
key3865,0.10799378
key3866,0.10799378
key3867,0.10799378
key3868,0.10799378
key3869,0.10799378
key3870,0.10799378
key3871,0.10799378
key3872,0.11265276
key3873,0.11265276
key3874,0.11265276
key3875,0.10799378
key3876,0.11265276
key3877,0.11265276
key3878,0.10799378
key3879,0.11265276
key3880,0.10799378
key3881,0.10799378
key3882,0.11265276
key3883,0.10799378
key3884,0.11265276
key3885,0.11265276
key3886,0.11265276
key3887,0.11265276
key3888,0.10799378
key3889,0.10799378
key3890,0.10799378
key3891,0.11265276
key3892,0.10799378
key3893,0.10799378
key3894,0.11265276
key3895,0.11265276
key3896,0.11265276
key3897,0.10799378
key3898,0.10799378
key3899,0.10799378
key3900,0.11265276
key3901,0.11265276
key3902,0.10799378
key3903,0.10799378
key3904,0.11265276
key3905,0.11265276
key3906,0.11265276
key3907,0.10799378
key3908,0.11265276
key3909,0.11265276
key3910,0.10799378
key3911,0.10799378
key3912,0.10799378
key3913,0.11265276
key3914,0.11265276
key3915,0.11265276
key3916,0.10799378
key3917,0.11265276
key3918,0.10799378
key3919,0.11265276
key3920,0.11265276
key3921,0.11265276
key3922,0.11265276
key3923,0.11265276
key3924,0.11265276
key3925,0.10799378
key3926,0.10799378
key3927,0.11265276
key3928,0.11265276
key3929,0.10799378
key3930,0.10799378
key3931,0.10799378
key3932,0.10799378
key3933,0.11265276
key3934,0.10799378
key3935,0.10799378
key3936,0.11265276
key3937,0.10799378
key3938,0.10799378
key3939,0.11265276
key3940,0.11265276
key3941,0.11265276
key3942,0.11265276
key3943,0.10799378
key3944,0.10799378
key3945,0.11265276
key3946,0.11265276
key3947,0.11265276
key3948,0.10799378
key3949,0.10799378
key3950,0.10799378
key3951,0.11265276
key3952,0.10799378
key3953,0.11265276
key3954,0.11265276
key3955,0.11265276
key3956,0.11265276
key3957,0.10799378
key3958,0.10799378
key3959,0.11265276
key3960,0.10799378
key3961,0.10799378
key3962,0.10799378
key3963,0.11265276
key3964,0.10799378
key3965,0.11265276
key3966,0.11265276
key3967,0.10799378
key3968,0.11265276
key3969,0.10799378
key3970,0.11265276
key3971,0.10799378
key3972,0.11265276
key3973,0.11265276
key3974,0.11265276
key3975,0.11265276
key3976,0.11265276
key3977,0.11265276
key3978,0.11265276
key3979,0.11265276
key3980,0.10799378
key3981,0.10799378
key3982,0.10799378
key3983,0.10799378
key3984,0.11265276
key3985,0.11265276
key3986,0.11265276
key3987,0.11265276
key3988,0.11265276
key3989,0.11265276
key3990,0.11265276
key3991,0.11265276
key3992,0.11265276
key3993,0.11265276
key3994,0.10799378
key3995,0.10799378
key3996,0.11265276
key3997,0.10799378
key3998,0.11265276
key3999,0.11265276
key4000,0.11265276
key4001,0.11265276
key4002,0.11265276
key4003,0.10799378
key4004,0.11265276
key4005,0.10799378
key4006,0.11265276
key4007,0.10799378
key4008,0.11265276
key4009,0.11265276
key4010,0.10799378
key4011,0.11265276
key4012,0.10799378
key4013,0.10799378
key4014,0.11265276
key4015,0.11265276
key4016,0.10799378
key4017,0.11265276
key4018,0.11265276
key4019,0.11265276
key4020,0.10799378
key4021,0.10799378
key4022,0.11265276
key4023,0.11265276
key4024,0.11265276
key4025,0.11265276
key4026,0.11265276
key4027,0.10799378
key4028,0.10799378
key4029,0.10799378
key4030,0.11265276
key4031,0.11265276
key4032,0.10799378
key4033,0.11265276
key4034,0.11265276
key4035,0.11265276
key4036,0.10799378
key4037,0.11265276
key4038,0.10799378
key4039,0.10799378
key4040,0.11265276
key4041,0.10799378
key4042,0.11265276
key4043,0.10799378
key4044,0.10799378
key4045,0.10799378
key4046,0.10799378
key4047,0.11265276
key4048,0.10799378
key4049,0.10799378
key4050,0.10799378
key4051,0.11265276
key4052,0.11265276
key4053,0.10799378
key4054,0.11265276
key4055,0.11265276
key4056,0.10799378
key4057,0.10799378
key4058,0.10799378
key4059,0.10799378
key4060,0.10799378
key4061,0.10799378
key4062,0.11265276
key4063,0.10799378
key4064,0.11265276
key4065,0.11265276
key4066,0.10799378
key4067,0.11265276
key4068,0.11265276
key4069,0.10799378
key4070,0.11265276
key4071,0.11265276
key4072,0.10799378
key4073,0.11265276
key4074,0.10799378
key4075,0.10799378
key4076,0.10799378
key4077,0.11265276
key4078,0.11265276
key4079,0.11265276
key4080,0.10799378
key4081,0.10799378
key4082,0.11265276
key4083,0.10799378
key4084,0.10799378
key4085,0.11265276
key4086,0.10799378
key4087,0.10799378
key4088,0.10799378
key4089,0.10799378
key4090,0.10799378
key4091,0.10799378
key4092,0.11265276
key4093,0.10799378
key4094,0.10799378
key4095,0.11265276
key4096,0.11265276
key4097,0.11265276
key4098,0.10799378
key4099,0.11265276
key4100,0.10799378
key4101,0.11265276
key4102,0.10799378
key4103,0.11265276
key4104,0.11265276
key4105,0.11265276
key4106,0.11265276
key4107,0.11265276
key4108,0.10799378
key4109,0.11265276
key4110,0.10799378
key4111,0.10799378
key4112,0.11265276
key4113,0.11265276
key4114,0.11265276
key4115,0.10799378
key4116,0.10799378
key4117,0.11265276
key4118,0.10799378
key4119,0.11265276
key4120,0.11265276
key4121,0.11265276
key4122,0.10799378
key4123,0.11265276
key4124,0.11265276
key4125,0.10799378
key4126,0.11265276
key4127,0.11265276
key4128,0.10799378
key4129,0.11265276
key4130,0.11265276
key4131,0.10799378
key4132,0.10799378
key4133,0.10799378
key4134,0.10799378
key4135,0.11265276
key4136,0.11265276
key4137,0.11265276
key4138,0.11265276
key4139,0.10799378
key4140,0.11265276
key4141,0.11265276
key4142,0.10799378
key4143,0.10799378
key4144,0.11265276
key4145,0.11265276
key4146,0.10799378
key4147,0.11265276
key4148,0.10799378
key4149,0.11265276
key4150,0.11265276
key4151,0.10799378
key4152,0.10799378
key4153,0.11265276
key4154,0.10799378
key4155,0.10799378
key4156,0.11265276
key4157,0.10799378
key4158,0.10799378
key4159,0.11265276
key4160,0.11265276
key4161,0.10799378
key4162,0.10799378
key4163,0.11265276
key4164,0.10799378
key4165,0.11265276
key4166,0.10799378
key4167,0.11265276
key4168,0.11265276
key4169,0.10799378
key4170,0.11265276
key4171,0.11265276
key4172,0.10799378
key4173,0.10799378
key4174,0.11265276
key4175,0.10799378
key4176,0.11265276
key4177,0.11265276
key4178,0.10799378
key4179,0.11265276
key4180,0.11265276
key4181,0.11265276
key4182,0.10799378
key4183,0.10799378
key4184,0.10799378
key4185,0.10799378
key4186,0.11265276
key4187,0.11265276
key4188,0.10799378
key4189,0.11265276
key4190,0.11265276
key4191,0.10799378
key4192,0.10799378
key4193,0.11265276
key4194,0.10799378
key4195,0.10799378
key4196,0.10799378
key4197,0.11265276
key4198,0.11265276
key4199,0.11265276
key4200,0.10799378
key4201,0.10799378
key4202,0.10799378
key4203,0.11265276
key4204,0.11265276
key4205,0.10799378
key4206,0.11265276
key4207,0.11265276
key4208,0.10799378
key4209,0.11265276
key4210,0.11265276
key4211,0.10799378
key4212,0.10799378
key4213,0.11265276
key4214,0.10799378
key4215,0.11265276
key4216,0.10799378
key4217,0.10799378
key4218,0.11265276
key4219,0.10799378
key4220,0.11265276
key4221,0.10799378
key4222,0.10799378
key4223,0.10799378
key4224,0.10799378
key4225,0.10799378
key4226,0.11265276
key4227,0.11265276
key4228,0.11265276
key4229,0.11265276
key4230,0.10799378
key4231,0.10799378
key4232,0.11265276
key4233,0.10799378
key4234,0.11265276
key4235,0.11265276
key4236,0.10799378
key4237,0.10799378
key4238,0.11265276
key4239,0.10799378
key4240,0.10799378
key4241,0.10799378
key4242,0.10799378
key4243,0.10799378
key4244,0.11265276
key4245,0.10799378
key4246,0.11265276
key4247,0.11265276
key4248,0.11265276
key4249,0.11265276
key4250,0.11265276
key4251,0.11265276
key4252,0.10799378
key4253,0.10799378
key4254,0.10799378
key4255,0.11265276
key4256,0.10799378
key4257,0.11265276
key4258,0.10799378
key4259,0.10799378
key4260,0.11265276
key4261,0.11265276
key4262,0.11265276
key4263,0.10799378
key4264,0.11265276
key4265,0.10799378
key4266,0.11265276
key4267,0.11265276
key4268,0.11265276
key4269,0.10799378
key4270,0.10799378
key4271,0.11265276
key4272,0.10799378
key4273,0.10799378
key4274,0.11265276
key4275,0.11265276
key4276,0.11265276
key4277,0.10799378
key4278,0.10799378
key4279,0.10799378
key4280,0.10799378
key4281,0.10799378
key4282,0.11265276
key4283,0.11265276
key4284,0.11265276
key4285,0.10799378
key4286,0.10799378
key4287,0.10799378
key4288,0.11265276
key4289,0.11265276
key4290,0.10799378
key4291,0.11265276
key4292,0.11265276
key4293,0.11265276
key4294,0.11265276
key4295,0.11265276
key4296,0.11265276
key4297,0.11265276
key4298,0.11265276
key4299,0.11265276
key4300,0.11265276
key4301,0.11265276
key4302,0.10799378
key4303,0.11265276
key4304,0.11265276
key4305,0.10799378
key4306,0.10799378
key4307,0.10799378
key4308,0.11265276
key4309,0.11265276
key4310,0.10799378
key4311,0.11265276
key4312,0.11265276
key4313,0.11265276
key4314,0.10799378
key4315,0.10799378
key4316,0.10799378
key4317,0.10799378
key4318,0.10799378
key4319,0.11265276
key4320,0.11265276
key4321,0.11265276
key4322,0.10799378
key4323,0.10799378
key4324,0.10799378
key4325,0.11265276
key4326,0.10799378
key4327,0.11265276
key4328,0.10799378
key4329,0.11265276
key4330,0.10799378
key4331,0.10799378
key4332,0.10799378
key4333,0.11265276
key4334,0.11265276
key4335,0.11265276
key4336,0.10799378
key4337,0.11265276
key4338,0.10799378
key4339,0.11265276
key4340,0.10799378
key4341,0.11265276
key4342,0.10799378
key4343,0.11265276
key4344,0.10799378
key4345,0.10799378
key4346,0.11265276
key4347,0.11265276
key4348,0.10799378
key4349,0.10799378
key4350,0.11265276
key4351,0.11265276
key4352,0.11265276
key4353,0.10799378
key4354,0.11265276
key4355,0.11265276
key4356,0.10799378
key4357,0.11265276
key4358,0.11265276
key4359,0.11265276
key4360,0.10799378
key4361,0.10799378
key4362,0.11265276
key4363,0.10799378
key4364,0.10799378
key4365,0.11265276
key4366,0.11265276
key4367,0.11265276
key4368,0.11265276
key4369,0.10799378
key4370,0.10799378
key4371,0.10799378
key4372,0.10799378
key4373,0.10799378
key4374,0.10799378
key4375,0.11265276
key4376,0.11265276
key4377,0.11265276
key4378,0.10799378
key4379,0.11265276
key4380,0.10799378
key4381,0.10799378
key4382,0.10799378
key4383,0.10799378
key4384,0.11265276
key4385,0.10799378
key4386,0.10799378
key4387,0.11265276
key4388,0.11265276
key4389,0.11265276
key4390,0.10799378
key4391,0.11265276
key4392,0.10799378
key4393,0.10799378
key4394,0.10799378
key4395,0.10799378
key4396,0.10799378
key4397,0.10799378
key4398,0.11265276
key4399,0.10799378
key4400,0.11265276
key4401,0.11265276
key4402,0.11265276
key4403,0.10799378
key4404,0.10799378
key4405,0.10799378
key4406,0.11265276
key4407,0.11265276
key4408,0.10799378
key4409,0.11265276
key4410,0.11265276
key4411,0.10799378
key4412,0.11265276
key4413,0.11265276
key4414,0.10799378
key4415,0.10799378
key4416,0.10799378
key4417,0.10799378
key4418,0.11265276
key4419,0.10799378
key4420,0.11265276
key4421,0.11265276
key4422,0.11265276
key4423,0.11265276
key4424,0.10799378
key4425,0.11265276
key4426,0.10799378
key4427,0.10799378
key4428,0.11265276
key4429,0.10799378
key4430,0.11265276
key4431,0.11265276
key4432,0.10799378
key4433,0.11265276
key4434,0.10799378
key4435,0.11265276
key4436,0.11265276
key4437,0.11265276
key4438,0.10799378
key4439,0.10799378
key4440,0.11265276
key4441,0.10799378
key4442,0.10799378
key4443,0.11265276
key4444,0.10799378
key4445,0.11265276
key4446,0.11265276
key4447,0.11265276
key4448,0.11265276
key4449,0.10799378
key4450,0.11265276
key4451,0.11265276
key4452,0.10799378
key4453,0.11265276
key4454,0.10799378
key4455,0.10799378
key4456,0.10799378
key4457,0.10799378
key4458,0.11265276
key4459,0.10799378
key4460,0.10799378
key4461,0.10799378
key4462,0.11265276
key4463,0.11265276
key4464,0.11265276
key4465,0.10799378
key4466,0.11265276
key4467,0.11265276
key4468,0.10799378
key4469,0.10799378
key4470,0.10799378
key4471,0.11265276
key4472,0.10799378
key4473,0.11265276
key4474,0.10799378
key4475,0.11265276
key4476,0.10799378
key4477,0.11265276
key4478,0.11265276
key4479,0.11265276
key4480,0.11265276
key4481,0.10799378
key4482,0.11265276
key4483,0.10799378
key4484,0.10799378
key4485,0.10799378
key4486,0.11265276
key4487,0.10799378
key4488,0.10799378
key4489,0.10799378
key4490,0.11265276
key4491,0.11265276
key4492,0.10799378
key4493,0.10799378
key4494,0.10799378
key4495,0.10799378
key4496,0.11265276
key4497,0.11265276
key4498,0.11265276
key4499,0.11265276
key4500,0.10799378
key4501,0.10799378
key4502,0.10799378
key4503,0.11265276
key4504,0.11265276
key4505,0.10799378
key4506,0.10799378
key4507,0.11265276
key4508,0.10799378
key4509,0.11265276
key4510,0.11265276
key4511,0.11265276
key4512,0.11265276
key4513,0.10799378
key4514,0.11265276
key4515,0.11265276
key4516,0.10799378
key4517,0.10799378
key4518,0.11265276
key4519,0.10799378
key4520,0.11265276
key4521,0.10799378
key4522,0.10799378
key4523,0.11265276
key4524,0.10799378
key4525,0.10799378
key4526,0.10799378
key4527,0.10799378
key4528,0.11265276
key4529,0.10799378
key4530,0.11265276
key4531,0.11265276
key4532,0.11265276
key4533,0.10799378
key4534,0.11265276
key4535,0.10799378
key4536,0.11265276
key4537,0.10799378
key4538,0.11265276
key4539,0.10799378
key4540,0.10799378
key4541,0.11265276
key4542,0.10799378
key4543,0.11265276
key4544,0.10799378
key4545,0.10799378
key4546,0.11265276
key4547,0.10799378
key4548,0.10799378
key4549,0.11265276
key4550,0.10799378
key4551,0.11265276
key4552,0.11265276
key4553,0.10799378
key4554,0.10799378
key4555,0.11265276
key4556,0.10799378
key4557,0.11265276
key4558,0.11265276
key4559,0.10799378
key4560,0.11265276
key4561,0.10799378
key4562,0.10799378
key4563,0.11265276
key4564,0.11265276
key4565,0.10799378
key4566,0.10799378
key4567,0.11265276
key4568,0.10799378
key4569,0.10799378
key4570,0.10799378
key4571,0.11265276
key4572,0.10799378
key4573,0.11265276
key4574,0.11265276
key4575,0.11265276
key4576,0.11265276
key4577,0.10799378
key4578,0.10799378
key4579,0.10799378
key4580,0.10799378
key4581,0.11265276
key4582,0.10799378
key4583,0.11265276
key4584,0.10799378
key4585,0.11265276
key4586,0.10799378
key4587,0.10799378
key4588,0.11265276
key4589,0.11265276
key4590,0.11265276
key4591,0.10799378
key4592,0.11265276
key4593,0.11265276
key4594,0.11265276
key4595,0.10799378
key4596,0.11265276
key4597,0.10799378
key4598,0.11265276
key4599,0.11265276
key4600,0.10799378
key4601,0.10799378
key4602,0.10799378
key4603,0.10799378
key4604,0.10799378
key4605,0.11265276
key4606,0.11265276
key4607,0.11265276
key4608,0.10799378
key4609,0.11265276
key4610,0.11265276
key4611,0.10799378
key4612,0.10799378
key4613,0.10799378
key4614,0.11265276
key4615,0.10799378
key4616,0.11265276
key4617,0.11265276
key4618,0.11265276
key4619,0.10799378
key4620,0.11265276
key4621,0.10799378
key4622,0.10799378
key4623,0.11265276
key4624,0.10799378
key4625,0.10799378
key4626,0.10799378
key4627,0.10799378
key4628,0.11265276
key4629,0.10799378
key4630,0.10799378
key4631,0.11265276
key4632,0.10799378
key4633,0.11265276
key4634,0.10799378
key4635,0.10799378
key4636,0.11265276
key4637,0.10799378
key4638,0.11265276
key4639,0.11265276
key4640,0.10799378
key4641,0.11265276
key4642,0.10799378
key4643,0.11265276
key4644,0.10799378
key4645,0.11265276
key4646,0.11265276
key4647,0.10799378
key4648,0.11265276
key4649,0.11265276
key4650,0.11265276
key4651,0.10799378
key4652,0.10799378
key4653,0.11265276
key4654,0.10799378
key4655,0.10799378
key4656,0.11265276
key4657,0.11265276
key4658,0.11265276
key4659,0.11265276
key4660,0.11265276
key4661,0.11265276
key4662,0.11265276
key4663,0.11265276
key4664,0.10799378
key4665,0.11265276
key4666,0.11265276
key4667,0.10799378
key4668,0.10799378
key4669,0.11265276
key4670,0.10799378
key4671,0.11265276
key4672,0.11265276
key4673,0.11265276
key4674,0.11265276
key4675,0.10799378
key4676,0.11265276
key4677,0.10799378
key4678,0.10799378
key4679,0.10799378
key4680,0.11265276
key4681,0.10799378
key4682,0.10799378
key4683,0.11265276
key4684,0.11265276
key4685,0.11265276
key4686,0.10799378
key4687,0.11265276
key4688,0.11265276
key4689,0.10799378
key4690,0.11265276
key4691,0.10799378
key4692,0.11265276
key4693,0.10799378
key4694,0.11265276
key4695,0.10799378
key4696,0.11265276
key4697,0.10799378
key4698,0.10799378
key4699,0.11265276
key4700,0.10799378
key4701,0.11265276
key4702,0.10799378
key4703,0.10799378
key4704,0.10799378
key4705,0.11265276
key4706,0.11265276
key4707,0.11265276
key4708,0.11265276
key4709,0.11265276
key4710,0.10799378
key4711,0.11265276
key4712,0.10799378
key4713,0.11265276
key4714,0.10799378
key4715,0.11265276
key4716,0.11265276
key4717,0.11265276
key4718,0.11265276
key4719,0.11265276
key4720,0.10799378
key4721,0.10799378
key4722,0.11265276
key4723,0.10799378
key4724,0.11265276
key4725,0.11265276
key4726,0.10799378
key4727,0.11265276
key4728,0.10799378
key4729,0.10799378
key4730,0.11265276
key4731,0.10799378
key4732,0.10799378
key4733,0.11265276
key4734,0.11265276
key4735,0.11265276
key4736,0.10799378
key4737,0.10799378
key4738,0.11265276
key4739,0.11265276
key4740,0.11265276
key4741,0.11265276
key4742,0.10799378
key4743,0.10799378
key4744,0.11265276
key4745,0.10799378
key4746,0.11265276
key4747,0.11265276
key4748,0.11265276
key4749,0.11265276
key4750,0.11265276
key4751,0.10799378
key4752,0.10799378
key4753,0.10799378
key4754,0.11265276
key4755,0.11265276
key4756,0.11265276
key4757,0.11265276
key4758,0.11265276
key4759,0.10799378
key4760,0.10799378
key4761,0.10799378
key4762,0.10799378
key4763,0.11265276
key4764,0.11265276
key4765,0.10799378
key4766,0.10799378
key4767,0.10799378
key4768,0.10799378
key4769,0.10799378
key4770,0.10799378
key4771,0.10799378
key4772,0.11265276
key4773,0.10799378
key4774,0.10799378
key4775,0.11265276
key4776,0.10799378
key4777,0.11265276
key4778,0.10799378
key4779,0.11265276
key4780,0.11265276
key4781,0.11265276
key4782,0.10799378
key4783,0.10799378
key4784,0.11265276
key4785,0.10799378
key4786,0.11265276
key4787,0.11265276
key4788,0.10799378
key4789,0.10799378
key4790,0.11265276
key4791,0.11265276
key4792,0.10799378
key4793,0.10799378
key4794,0.11265276
key4795,0.11265276
key4796,0.11265276
key4797,0.10799378
key4798,0.10799378
key4799,0.10799378
key4800,0.11265276
key4801,0.10799378
key4802,0.10799378
key4803,0.10799378
key4804,0.10799378
key4805,0.10799378
key4806,0.10799378
key4807,0.11265276
key4808,0.11265276
key4809,0.11265276
key4810,0.11265276
key4811,0.11265276
key4812,0.11265276
key4813,0.10799378
key4814,0.11265276
key4815,0.11265276
key4816,0.10799378
key4817,0.11265276
key4818,0.11265276
key4819,0.10799378
key4820,0.11265276
key4821,0.10799378
key4822,0.11265276
key4823,0.11265276
key4824,0.11265276
key4825,0.11265276
key4826,0.11265276
key4827,0.11265276
key4828,0.10799378
key4829,0.10799378
key4830,0.10799378
key4831,0.10799378
key4832,0.10799378
key4833,0.10799378
key4834,0.11265276
key4835,0.11265276
key4836,0.10799378
key4837,0.11265276
key4838,0.11265276
key4839,0.11265276
key4840,0.11265276
key4841,0.10799378
key4842,0.10799378
key4843,0.10799378
key4844,0.11265276
key4845,0.11265276
key4846,0.10799378
key4847,0.10799378
key4848,0.10799378
key4849,0.11265276
key4850,0.10799378
key4851,0.10799378
key4852,0.11265276
key4853,0.11265276
key4854,0.10799378
key4855,0.11265276
key4856,0.10799378
key4857,0.11265276
key4858,0.10799378
key4859,0.10799378
key4860,0.11265276
key4861,0.10799378
key4862,0.11265276
key4863,0.11265276
key4864,0.11265276
key4865,0.11265276
key4866,0.11265276
key4867,0.10799378
key4868,0.10799378
key4869,0.11265276
key4870,0.11265276
key4871,0.10799378
key4872,0.11265276
key4873,0.11265276
key4874,0.11265276
key4875,0.11265276
key4876,0.10799378
key4877,0.11265276
key4878,0.11265276
key4879,0.10799378
key4880,0.10799378
key4881,0.11265276
key4882,0.10799378
key4883,0.11265276
key4884,0.11265276
key4885,0.10799378
key4886,0.11265276
key4887,0.10799378
key4888,0.11265276
key4889,0.11265276
key4890,0.10799378
key4891,0.10799378
key4892,0.11265276
key4893,0.10799378
key4894,0.10799378
key4895,0.11265276
key4896,0.10799378
key4897,0.10799378
key4898,0.11265276
key4899,0.10799378
key4900,0.10799378
key4901,0.10799378
key4902,0.11265276
key4903,0.10799378
key4904,0.10799378
key4905,0.10799378
key4906,0.10799378
key4907,0.11265276
key4908,0.11265276
key4909,0.10799378
key4910,0.11265276
key4911,0.11265276
key4912,0.11265276
key4913,0.11265276
key4914,0.10799378
key4915,0.10799378
key4916,0.10799378
key4917,0.11265276
key4918,0.11265276
key4919,0.11265276
key4920,0.11265276
key4921,0.10799378
key4922,0.11265276
key4923,0.11265276
key4924,0.10799378
key4925,0.11265276
key4926,0.11265276
key4927,0.10799378
key4928,0.10799378
key4929,0.11265276
key4930,0.10799378
key4931,0.11265276
key4932,0.11265276
key4933,0.11265276
key4934,0.10799378
key4935,0.10799378
key4936,0.10799378
key4937,0.11265276
key4938,0.10799378
key4939,0.11265276
key4940,0.11265276
key4941,0.10799378
key4942,0.10799378
key4943,0.11265276
key4944,0.10799378
key4945,0.11265276
key4946,0.11265276
key4947,0.10799378
key4948,0.10799378
key4949,0.10799378
key4950,0.10799378
key4951,0.11265276
key4952,0.11265276
key4953,0.10799378
key4954,0.10799378
key4955,0.11265276
key4956,0.10799378
key4957,0.11265276
key4958,0.10799378
key4959,0.11265276
key4960,0.11265276
key4961,0.10799378
key4962,0.10799378
key4963,0.11265276
key4964,0.11265276
key4965,0.10799378
key4966,0.10799378
key4967,0.10799378
key4968,0.10799378
key4969,0.10799378
key4970,0.11265276
key4971,0.10799378
key4972,0.11265276
key4973,0.10799378
key4974,0.10799378
key4975,0.10799378
key4976,0.10799378
key4977,0.10799378
key4978,0.11265276
key4979,0.10799378
key4980,0.11265276
key4981,0.11265276
key4982,0.11265276
key4983,0.11265276
key4984,0.10799378
key4985,0.10799378
key4986,0.10799378
key4987,0.11265276
key4988,0.11265276
key4989,0.10799378
key4990,0.11265276
key4991,0.11265276
key4992,0.11265276
key4993,0.11265276
key4994,0.10799378
key4995,0.10799378
key4996,0.10799378
key4997,0.10799378
key4998,0.10799378
key4999,0.10799378
key5000,0.11265276
key5001,0.10799378
key5002,0.11265276
key5003,0.11265276
key5004,0.10799378
key5005,0.10799378
key5006,0.11265276
key5007,0.11265276
key5008,0.10799378
key5009,0.10799378
key5010,0.10799378
key5011,0.10799378
key5012,0.10799378
key5013,0.11265276
key5014,0.11265276
key5015,0.10799378
key5016,0.11265276
key5017,0.10799378
key5018,0.11265276
key5019,0.10799378
key5020,0.11265276
key5021,0.10799378
key5022,0.10799378
key5023,0.11265276
key5024,0.11265276
key5025,0.11265276
key5026,0.11265276
key5027,0.10799378
key5028,0.11265276
key5029,0.10799378
key5030,0.11265276
key5031,0.11265276
key5032,0.11265276
key5033,0.10799378
key5034,0.11265276
key5035,0.11265276
key5036,0.11265276
key5037,0.11265276
key5038,0.10799378
key5039,0.11265276
key5040,0.10799378
key5041,0.11265276
key5042,0.11265276
key5043,0.11265276
key5044,0.11265276
key5045,0.11265276
key5046,0.10799378
key5047,0.11265276
key5048,0.11265276
key5049,0.11265276
key5050,0.11265276
key5051,0.10799378
key5052,0.10799378
key5053,0.11265276
key5054,0.10799378
key5055,0.11265276
key5056,0.11265276
key5057,0.11265276
key5058,0.10799378
key5059,0.11265276
key5060,0.10799378
key5061,0.10799378
key5062,0.11265276
key5063,0.11265276
key5064,0.11265276
key5065,0.10799378
key5066,0.11265276
key5067,0.10799378
key5068,0.11265276
key5069,0.11265276
key5070,0.10799378
key5071,0.10799378
key5072,0.10799378
key5073,0.11265276
key5074,0.10799378
key5075,0.10799378
key5076,0.11265276
key5077,0.10799378
key5078,0.10799378
key5079,0.10799378
key5080,0.11265276
key5081,0.10799378
key5082,0.11265276
key5083,0.11265276
key5084,0.10799378
key5085,0.11265276
key5086,0.11265276
key5087,0.10799378
key5088,0.10799378
key5089,0.10799378
key5090,0.10799378
key5091,0.10799378
key5092,0.10799378
key5093,0.10799378
key5094,0.10799378
key5095,0.10799378
key5096,0.10799378
key5097,0.10799378
key5098,0.10799378
key5099,0.10799378
key5100,0.11265276
key5101,0.11265276
key5102,0.11265276
key5103,0.10799378
key5104,0.11265276
key5105,0.11265276
key5106,0.11265276
key5107,0.11265276
key5108,0.10799378
key5109,0.11265276
key5110,0.10799378
key5111,0.10799378
key5112,0.11265276
key5113,0.10799378
key5114,0.11265276
key5115,0.10799378
key5116,0.11265276
key5117,0.10799378
key5118,0.11265276
key5119,0.10799378
key5120,0.11265276
key5121,0.10799378
key5122,0.11265276
key5123,0.11265276
key5124,0.11265276
key5125,0.11265276
key5126,0.11265276
key5127,0.10799378
key5128,0.11265276
key5129,0.11265276
key5130,0.10799378
key5131,0.11265276
key5132,0.11265276
key5133,0.11265276
key5134,0.10799378
key5135,0.11265276
key5136,0.10799378
key5137,0.10799378
key5138,0.11265276
key5139,0.10799378
key5140,0.11265276
key5141,0.11265276
key5142,0.11265276
key5143,0.11265276
key5144,0.10799378
key5145,0.11265276
key5146,0.11265276
key5147,0.10799378
key5148,0.10799378
key5149,0.11265276
key5150,0.11265276
key5151,0.10799378
key5152,0.11265276
key5153,0.11265276
key5154,0.10799378
key5155,0.10799378
key5156,0.10799378
key5157,0.11265276
key5158,0.11265276
key5159,0.11265276
key5160,0.10799378
key5161,0.10799378
key5162,0.10799378
key5163,0.11265276
key5164,0.10799378
key5165,0.10799378
key5166,0.11265276
key5167,0.11265276
key5168,0.11265276
key5169,0.10799378
key5170,0.10799378
key5171,0.11265276
key5172,0.10799378
key5173,0.10799378
key5174,0.10799378
key5175,0.11265276
key5176,0.10799378
key5177,0.11265276
key5178,0.11265276
key5179,0.11265276
key5180,0.11265276
key5181,0.10799378
key5182,0.11265276
key5183,0.10799378
key5184,0.11265276
key5185,0.11265276
key5186,0.10799378
key5187,0.11265276
key5188,0.10799378
key5189,0.11265276
key5190,0.11265276
key5191,0.11265276
key5192,0.11265276
key5193,0.10799378
key5194,0.10799378
key5195,0.10799378
key5196,0.11265276
key5197,0.10799378
key5198,0.10799378
key5199,0.11265276
key5200,0.10799378
key5201,0.11265276
key5202,0.11265276
key5203,0.11265276
key5204,0.10799378
key5205,0.11265276
key5206,0.10799378
key5207,0.11265276
key5208,0.11265276
key5209,0.11265276
key5210,0.11265276
key5211,0.11265276
key5212,0.11265276
key5213,0.11265276
key5214,0.10799378
key5215,0.10799378
key5216,0.10799378
key5217,0.11265276
key5218,0.10799378
